구매_ID,구매_날짜,구매자_ID,상품_ID,구매_수량,각인_서비스,결제_방식,총_결제_금액
2020-01-01-0047-1,2020-01-01,0047,C2,8,F, 계좌이체 ," 216,000 "
2020-01-01-0047-2,2020-01-01,0047,W5,182,F, 계좌이체 ," 728,000 "
2020-01-02-0058-1,2020-01-02,0058,C1,59,F, 카카오페이 ," 1,475,000 "
2020-01-02-0015-1,2020-01-02,0015,S6,402,F, 신용카드 ," 2,211,000 "
2020-01-03-0062-1,2020-01-03,0062,S4,8,F, 신용카드 ," 280,000 "
2020-01-03-0088-1,2020-01-03,0088,W5,181,F, 신용카드 ," 724,000 "
2020-01-03-0103-1,2020-01-03,0103,S4,4,F, 계좌이체 ," 140,000 "
2020-01-03-0092-1,2020-01-03,0092,S5,2,T, 신용카드 ," 160,000 "
2020-01-04-0004-1,2020-01-04,0004,W1,17,T, 계좌이체 ," 1,020,000 "
2020-01-04-0088-1,2020-01-04,0088,C1,55,T, 신용카드 ," 1,375,000 "
2020-01-06-0031-1,2020-01-06,0031,S6,73,F, 계좌이체 ," 401,500 "
2020-01-06-0013-1,2020-01-06,0013,S5,20,T, 신용카드 ," 1,600,000 "
2020-01-06-0103-1,2020-01-06,0103,W2,5,T, 카카오페이 ," 375,000 "
2020-01-06-0043-1,2020-01-06,0043,W5,234,F, 신용카드 ," 936,000 "
2020-01-08-0094-1,2020-01-08,0094,C2,100,F, 신용카드 ," 2,700,000 "
2020-01-08-0011-1,2020-01-08,0011,W2,8,T, 계좌이체 ," 600,000 "
2020-01-08-0060-1,2020-01-08,0060,A4,10,F, 계좌이체 ," 50,000 "
2020-01-08-0027-1,2020-01-08,0027,A1,103,F, 카카오페이 ," 515,000 "
2020-01-09-0026-1,2020-01-09,0026,S5,9,F, 신용카드 ," 720,000 "
2020-01-10-0096-1,2020-01-10,0096,A3,13,F, 신용카드 ," 221,000 "
2020-01-10-0024-1,2020-01-10,0024,S1,99,T, 신용카드 ," 148,500 "
2020-01-11-0077-1,2020-01-11,0077,C2,84,T, 신용카드 ," 2,268,000 "
2020-01-11-0074-1,2020-01-11,0074,A4,68,F, 신용카드 ," 340,000 "
2020-01-11-0055-1,2020-01-11,0055,S6,176,F, 신용카드 ," 968,000 "
2020-01-12-0081-1,2020-01-12,0081,W4,113,F, 신용카드 ," 56,500 "
2020-01-12-0020-1,2020-01-12,0020,S5,4,T, 카카오페이 ," 320,000 "
2020-01-13-0047-1,2020-01-13,0047,W5,38,F, 계좌이체 ," 152,000 "
2020-01-15-0041-1,2020-01-15,0041,A2,98,F, 신용카드 ," 1,176,000 "
2020-01-15-0009-1,2020-01-15,0009,S4,15,T, 신용카드 ," 525,000 "
2020-01-16-0020-1,2020-01-16,0020,A1,103,F, 계좌이체 ," 515,000 "
2020-01-16-0104-1,2020-01-16,0104,W5,344,F, 신용카드 ," 1,376,000 "
2020-01-16-0097-1,2020-01-16,0097,A2,55,F, 계좌이체 ," 660,000 "
2020-01-17-0068-1,2020-01-17,0068,A3,61,F, 신용카드 ," 1,037,000 "
2020-01-17-0049-1,2020-01-17,0049,A4,91,T, 신용카드 ," 455,000 "
2020-01-17-0063-1,2020-01-17,0063,W1,20,T, 계좌이체 ," 1,200,000 "
2020-01-18-0038-1,2020-01-18,0038,C1,2,F, 계좌이체 ," 50,000 "
2020-01-18-0080-1,2020-01-18,0080,W4,114,F, 계좌이체 ," 57,000 "
2020-01-18-0064-1,2020-01-18,0064,C2,48,F, 카카오페이 ," 1,296,000 "
2020-01-18-0043-1,2020-01-18,0043,A3,78,F, 신용카드 ," 1,326,000 "
2020-01-19-0085-1,2020-01-19,0085,C2,23,T, 신용카드 ," 621,000 "
2020-01-19-0066-1,2020-01-19,0066,A3,7,F, 신용카드 ," 119,000 "
2020-01-19-0079-1,2020-01-19,0079,W3,3,F, 계좌이체 ," 150,000 "
2020-01-19-0099-1,2020-01-19,0099,W4,91,F, 카카오페이 ," 45,500 "
2020-01-20-0094-1,2020-01-20,0094,S4,22,T, 계좌이체 ," 770,000 "
2020-01-20-0058-1,2020-01-20,0058,S3,2,F, 신용카드 ," 44,000 "
2020-01-20-0046-1,2020-01-20,0046,S6,10,F, 계좌이체 ," 55,000 "
2020-01-21-0056-1,2020-01-21,0056,A2,24,F, 신용카드 ," 288,000 "
2020-01-22-0055-1,2020-01-22,0055,W2,23,T, 신용카드 ," 1,725,000 "
2020-01-23-0030-1,2020-01-23,0030,S2,18,F, 계좌이체 ," 180,000 "
2020-01-23-0002-1,2020-01-23,0002,S6,368,F, 계좌이체 ," 2,024,000 "
2020-01-23-0101-1,2020-01-23,0101,W6,21,T, 카카오페이 ," 945,000 "
2020-01-23-0103-1,2020-01-23,0103,S6,403,F, 계좌이체 ," 2,216,500 "
2020-01-23-0065-1,2020-01-23,0065,W1,16,T, 카카오페이 ," 960,000 "
2020-01-25-0101-1,2020-01-25,0101,W6,2,F, 신용카드 ," 90,000 "
2020-01-25-0027-1,2020-01-25,0027,C2,86,F, 신용카드 ," 2,322,000 "
2020-01-26-0030-1,2020-01-26,0030,W4,288,F, 신용카드 ," 144,000 "
2020-01-26-0045-1,2020-01-26,0045,A2,64,F, 신용카드 ," 768,000 "
2020-01-27-0063-1,2020-01-27,0063,W6,4,T, 계좌이체 ," 180,000 "
2020-01-27-0066-1,2020-01-27,0066,S5,5,F, 신용카드 ," 400,000 "
2020-01-27-0095-1,2020-01-27,0095,C1,21,F, 신용카드 ," 525,000 "
2020-01-28-0020-1,2020-01-28,0020,W3,22,F, 신용카드 ," 1,100,000 "
2020-01-28-0023-1,2020-01-28,0023,W1,14,F, 카카오페이 ," 840,000 "
2020-01-29-0051-1,2020-01-29,0051,S6,21,F, 계좌이체 ," 115,500 "
2020-01-29-0021-1,2020-01-29,0021,C2,88,F, 신용카드 ," 2,376,000 "
2020-01-29-0046-1,2020-01-29,0046,W2,9,T, 신용카드 ," 675,000 "
2020-01-29-0023-1,2020-01-29,0023,S5,4,T, 신용카드 ," 320,000 "
2020-01-30-0022-1,2020-01-30,0022,S6,349,F, 계좌이체 ," 1,919,500 "
2020-01-30-0018-1,2020-01-30,0018,C1,58,F, 신용카드 ," 1,450,000 "
2020-01-30-0004-1,2020-01-30,0004,S4,13,T, 신용카드 ," 455,000 "
2020-01-31-0102-1,2020-01-31,0102,W5,468,F, 신용카드 ," 1,872,000 "
2020-01-31-0003-1,2020-01-31,0003,S3,9,F, 계좌이체 ," 198,000 "
2020-01-31-0051-1,2020-01-31,0051,C1,45,T, 신용카드 ," 1,125,000 "
2020-02-01-0041-1,2020-02-01,0041,C2,41,F, 계좌이체 ," 1,107,000 "
2020-02-01-0070-1,2020-02-01,0070,S1,36,T, 신용카드 ," 54,000 "
2020-02-02-0099-1,2020-02-02,0099,S5,9,T, 신용카드 ," 720,000 "
2020-02-02-0062-1,2020-02-02,0062,W3,12,T, 계좌이체 ," 600,000 "
2020-02-02-0073-1,2020-02-02,0073,W2,13,T, 신용카드 ," 975,000 "
2020-02-02-0070-1,2020-02-02,0070,S4,11,T, 카카오페이 ," 385,000 "
2020-02-02-0033-1,2020-02-02,0033,W3,3,T, 계좌이체 ," 150,000 "
2020-02-02-0042-1,2020-02-02,0042,S4,20,F, 신용카드 ," 700,000 "
2020-02-02-0114-1,2020-02-02,0114,S5,14,T, 계좌이체 ," 1,120,000 "
2020-02-03-0053-1,2020-02-03,0053,S1,89,T, 신용카드 ," 133,500 "
2020-02-03-0106-1,2020-02-03,0106,W2,10,F, 카카오페이 ," 750,000 "
2020-02-04-0071-1,2020-02-04,0071,A1,237,T, 신용카드 ," 1,185,000 "
2020-02-04-0101-1,2020-02-04,0101,S4,12,F, 카카오페이 ," 420,000 "
2020-02-05-0002-1,2020-02-05,0002,A4,16,F, 신용카드 ," 80,000 "
2020-02-05-0068-1,2020-02-05,0068,W3,2,T, 계좌이체 ," 100,000 "
2020-02-05-0099-1,2020-02-05,0099,W3,2,T, 카카오페이 ," 100,000 "
2020-02-05-0028-1,2020-02-05,0028,C1,58,T, 계좌이체 ," 1,450,000 "
2020-02-06-0116-1,2020-02-06,0116,C1,94,F, 계좌이체 ," 2,350,000 "
2020-02-07-0031-1,2020-02-07,0031,A4,71,T, 신용카드 ," 355,000 "
2020-02-09-0115-1,2020-02-09,0115,S1,97,T, 계좌이체 ," 145,500 "
2020-02-09-0061-1,2020-02-09,0061,A4,80,T, 신용카드 ," 400,000 "
2020-02-09-0033-1,2020-02-09,0033,A3,63,F, 계좌이체 ," 1,071,000 "
2020-02-10-0057-1,2020-02-10,0057,S3,21,T, 계좌이체 ," 462,000 "
2020-02-10-0028-1,2020-02-10,0028,W3,23,T, 신용카드 ," 1,150,000 "
2020-02-10-0123-1,2020-02-10,0123,A3,67,F, 신용카드 ," 1,139,000 "
2020-02-10-0044-1,2020-02-10,0044,W6,10,T, 카카오페이 ," 450,000 "
2020-02-10-0077-1,2020-02-10,0077,S6,320,F, 신용카드 ," 1,760,000 "
2020-02-10-0016-1,2020-02-10,0016,S1,69,T, 카카오페이 ," 103,500 "
2020-02-11-0088-1,2020-02-11,0088,S6,385,F, 신용카드 ," 2,117,500 "
2020-02-11-0069-1,2020-02-11,0069,S3,23,F, 신용카드 ," 506,000 "
2020-02-11-0003-1,2020-02-11,0003,A3,44,F, 계좌이체 ," 748,000 "
2020-02-11-0098-1,2020-02-11,0098,S6,99,F, 계좌이체 ," 544,500 "
2020-02-11-0055-1,2020-02-11,0055,S3,8,F, 신용카드 ," 176,000 "
2020-02-12-0026-1,2020-02-12,0026,A4,53,F, 신용카드 ," 265,000 "
2020-02-12-0043-1,2020-02-12,0043,W1,1,T, 신용카드 ," 60,000 "
2020-02-12-0067-1,2020-02-12,0067,S6,134,F, 카카오페이 ," 737,000 "
2020-02-12-0056-1,2020-02-12,0056,A2,20,F, 계좌이체 ," 240,000 "
2020-02-13-0118-1,2020-02-13,0118,A4,91,F, 신용카드 ," 455,000 "
2020-02-13-0106-1,2020-02-13,0106,W3,16,T, 카카오페이 ," 800,000 "
2020-02-13-0072-1,2020-02-13,0072,A1,52,F, 신용카드 ," 260,000 "
2020-02-14-0061-1,2020-02-14,0061,W5,132,F, 카카오페이 ," 528,000 "
2020-02-14-0013-1,2020-02-14,0013,A4,70,T, 계좌이체 ," 350,000 "
2020-02-14-0037-1,2020-02-14,0037,W6,19,F, 계좌이체 ," 855,000 "
2020-02-14-0006-1,2020-02-14,0006,S3,21,T, 신용카드 ," 462,000 "
2020-02-15-0048-1,2020-02-15,0048,W1,11,T, 카카오페이 ," 660,000 "
2020-02-16-0067-1,2020-02-16,0067,S4,5,F, 계좌이체 ," 175,000 "
2020-02-17-0069-1,2020-02-17,0069,S2,9,T, 계좌이체 ," 90,000 "
2020-02-17-0081-1,2020-02-17,0081,S3,14,T, 신용카드 ," 308,000 "
2020-02-17-0068-1,2020-02-17,0068,A2,99,F, 신용카드 ," 1,188,000 "
2020-02-17-0062-1,2020-02-17,0062,A3,54,F, 신용카드 ," 918,000 "
2020-02-18-0086-1,2020-02-18,0086,W3,24,F, 신용카드 ," 1,200,000 "
2020-02-18-0082-1,2020-02-18,0082,S3,16,F, 계좌이체 ," 352,000 "
2020-02-18-0061-1,2020-02-18,0061,A2,90,F, 계좌이체 ," 1,080,000 "
2020-02-18-0009-1,2020-02-18,0009,A4,11,F, 신용카드 ," 55,000 "
2020-02-18-0120-1,2020-02-18,0120,W3,22,F, 신용카드 ," 1,100,000 "
2020-02-19-0024-1,2020-02-19,0024,S4,17,T, 계좌이체 ," 595,000 "
2020-02-19-0103-1,2020-02-19,0103,S1,39,T, 계좌이체 ," 58,500 "
2020-02-20-0031-1,2020-02-20,0031,W6,24,T, 신용카드 ," 1,080,000 "
2020-02-20-0060-1,2020-02-20,0060,W2,20,T, 신용카드 ," 1,500,000 "
2020-02-21-0100-1,2020-02-21,0100,W4,195,F, 신용카드 ," 97,500 "
2020-02-21-0053-1,2020-02-21,0053,A4,15,T, 계좌이체 ," 75,000 "
2020-02-21-0037-1,2020-02-21,0037,S6,188,F, 신용카드 ," 1,034,000 "
2020-02-22-0087-1,2020-02-22,0087,A2,12,F, 신용카드 ," 144,000 "
2020-02-22-0042-1,2020-02-22,0042,W1,6,T, 카카오페이 ," 360,000 "
2020-02-22-0098-1,2020-02-22,0098,S3,16,T, 계좌이체 ," 352,000 "
2020-02-22-0008-1,2020-02-22,0008,W3,10,F, 계좌이체 ," 500,000 "
2020-02-22-0079-1,2020-02-22,0079,W6,25,T, 계좌이체 ," 1,125,000 "
2020-02-23-0104-1,2020-02-23,0104,W1,12,T, 신용카드 ," 720,000 "
2020-02-23-0089-1,2020-02-23,0089,A1,111,F, 신용카드 ," 555,000 "
2020-02-23-0067-1,2020-02-23,0067,A2,34,F, 계좌이체 ," 408,000 "
2020-02-23-0067-2,2020-02-23,0067,S6,440,F, 계좌이체 ," 2,420,000 "
2020-02-23-0036-1,2020-02-23,0036,W2,19,F, 계좌이체 ," 1,425,000 "
2020-02-24-0025-1,2020-02-24,0025,S4,14,T, 신용카드 ," 490,000 "
2020-02-24-0058-1,2020-02-24,0058,S2,17,F, 신용카드 ," 170,000 "
2020-02-24-0060-1,2020-02-24,0060,A1,297,T, 계좌이체 ," 1,485,000 "
2020-02-25-0047-1,2020-02-25,0047,W5,259,F, 신용카드 ," 1,036,000 "
2020-02-26-0018-1,2020-02-26,0018,W1,5,T, 신용카드 ," 300,000 "
2020-02-26-0053-1,2020-02-26,0053,W3,3,T, 계좌이체 ," 150,000 "
2020-02-27-0087-1,2020-02-27,0087,S5,19,T, 계좌이체 ," 1,520,000 "
2020-02-28-0046-1,2020-02-28,0046,S6,383,F, 신용카드 ," 2,106,500 "
2020-02-28-0101-1,2020-02-28,0101,W4,182,F, 계좌이체 ," 91,000 "
2020-02-29-0107-1,2020-02-29,0107,S5,12,T, 신용카드 ," 960,000 "
2020-02-29-0108-1,2020-02-29,0108,A2,77,F, 신용카드 ," 924,000 "
2020-02-29-0061-1,2020-02-29,0061,S6,21,F, 신용카드 ," 115,500 "
2020-03-01-0038-1,2020-03-01,0038,S4,15,T, 계좌이체 ," 525,000 "
2020-03-01-0065-1,2020-03-01,0065,C1,99,F, 신용카드 ," 2,475,000 "
2020-03-01-0070-1,2020-03-01,0070,W3,24,T, 신용카드 ," 1,200,000 "
2020-03-01-0029-1,2020-03-01,0029,C1,49,F, 신용카드 ," 1,225,000 "
2020-03-01-0029-2,2020-03-01,0029,S6,343,F, 신용카드 ," 1,886,500 "
2020-03-02-0091-1,2020-03-02,0091,S1,5,T, 신용카드 ," 7,500 "
2020-03-03-0136-1,2020-03-03,0136,S6,403,F, 신용카드 ," 2,216,500 "
2020-03-03-0097-1,2020-03-03,0097,W1,1,T, 신용카드 ," 60,000 "
2020-03-03-0133-1,2020-03-03,0133,S3,17,T, 계좌이체 ," 374,000 "
2020-03-03-0065-1,2020-03-03,0065,S2,17,F, 계좌이체 ," 170,000 "
2020-03-03-0121-1,2020-03-03,0121,W4,177,F, 계좌이체 ," 88,500 "
2020-03-05-0099-1,2020-03-05,0099,A2,51,F, 신용카드 ," 612,000 "
2020-03-05-0124-1,2020-03-05,0124,S1,15,T, 계좌이체 ," 22,500 "
2020-03-05-0124-2,2020-03-05,0124,S1,63,T, 계좌이체 ," 94,500 "
2020-03-05-0071-1,2020-03-05,0071,W2,15,F, 신용카드 ," 1,125,000 "
2020-03-05-0057-1,2020-03-05,0057,S2,10,T, 계좌이체 ," 100,000 "
2020-03-06-0114-1,2020-03-06,0114,A4,23,T, 카카오페이 ," 115,000 "
2020-03-06-0091-1,2020-03-06,0091,A2,78,F, 신용카드 ," 936,000 "
2020-03-07-0069-1,2020-03-07,0069,W6,2,F, 계좌이체 ," 90,000 "
2020-03-08-0046-1,2020-03-08,0046,A2,68,F, 신용카드 ," 816,000 "
2020-03-08-0049-1,2020-03-08,0049,S2,2,T, 신용카드 ," 20,000 "
2020-03-08-0071-1,2020-03-08,0071,W3,6,F, 계좌이체 ," 300,000 "
2020-03-08-0072-1,2020-03-08,0072,S6,445,F, 계좌이체 ," 2,447,500 "
2020-03-08-0097-1,2020-03-08,0097,W5,123,F, 신용카드 ," 492,000 "
2020-03-08-0122-1,2020-03-08,0122,W4,247,F, 계좌이체 ," 123,500 "
2020-03-09-0121-1,2020-03-09,0121,S4,14,F, 카카오페이 ," 490,000 "
2020-03-09-0012-1,2020-03-09,0012,W5,226,F, 신용카드 ," 904,000 "
2020-03-09-0058-1,2020-03-09,0058,S5,14,F, 신용카드 ," 1,120,000 "
2020-03-10-0138-1,2020-03-10,0138,A3,49,F, 신용카드 ," 833,000 "
2020-03-10-0033-1,2020-03-10,0033,W1,13,T, 신용카드 ," 780,000 "
2020-03-10-0129-1,2020-03-10,0129,S1,97,T, 계좌이체 ," 145,500 "
2020-03-10-0061-1,2020-03-10,0061,W4,349,F, 계좌이체 ," 174,500 "
2020-03-11-0074-1,2020-03-11,0074,A2,81,F, 계좌이체 ," 972,000 "
2020-03-11-0070-1,2020-03-11,0070,W2,6,F, 카카오페이 ," 450,000 "
2020-03-11-0008-1,2020-03-11,0008,C1,19,F, 계좌이체 ," 475,000 "
2020-03-11-0128-1,2020-03-11,0128,W3,17,F, 계좌이체 ," 850,000 "
2020-03-12-0075-1,2020-03-12,0075,W3,4,F, 계좌이체 ," 200,000 "
2020-03-13-0078-1,2020-03-13,0078,W1,15,F, 계좌이체 ," 900,000 "
2020-03-13-0133-1,2020-03-13,0133,W5,300,F, 신용카드 ," 1,200,000 "
2020-03-13-0066-1,2020-03-13,0066,W5,64,F, 신용카드 ," 256,000 "
2020-03-13-0062-1,2020-03-13,0062,S4,5,F, 신용카드 ," 175,000 "
2020-03-13-0102-1,2020-03-13,0102,W4,459,F, 계좌이체 ," 229,500 "
2020-03-13-0040-1,2020-03-13,0040,A4,53,F, 카카오페이 ," 265,000 "
2020-03-14-0108-1,2020-03-14,0108,S1,61,T, 계좌이체 ," 91,500 "
2020-03-14-0094-1,2020-03-14,0094,S1,62,T, 신용카드 ," 93,000 "
2020-03-14-0049-1,2020-03-14,0049,S3,20,T, 카카오페이 ," 440,000 "
2020-03-14-0086-1,2020-03-14,0086,W4,208,F, 신용카드 ," 104,000 "
2020-03-14-0026-1,2020-03-14,0026,S3,11,T, 신용카드 ," 242,000 "
2020-03-15-0065-1,2020-03-15,0065,W6,16,F, 신용카드 ," 720,000 "
2020-03-15-0008-1,2020-03-15,0008,S1,100,F, 계좌이체 ," 150,000 "
2020-03-15-0097-1,2020-03-15,0097,S6,45,F, 계좌이체 ," 247,500 "
2020-03-15-0032-1,2020-03-15,0032,S6,48,F, 신용카드 ," 264,000 "
2020-03-15-0057-1,2020-03-15,0057,W5,322,F, 신용카드 ," 1,288,000 "
2020-03-15-0068-1,2020-03-15,0068,S6,80,F, 신용카드 ," 440,000 "
2020-03-15-0034-1,2020-03-15,0034,W6,20,F, 계좌이체 ," 900,000 "
2020-03-16-0115-1,2020-03-16,0115,S1,48,F, 신용카드 ," 72,000 "
2020-03-16-0068-1,2020-03-16,0068,W5,485,F, 카카오페이 ," 1,940,000 "
2020-03-17-0089-1,2020-03-17,0089,A2,1,F, 계좌이체 ," 12,000 "
2020-03-17-0108-1,2020-03-17,0108,S4,8,F, 신용카드 ," 280,000 "
2020-03-17-0050-1,2020-03-17,0050,S4,17,T, 계좌이체 ," 595,000 "
2020-03-17-0027-1,2020-03-17,0027,S5,15,T, 신용카드 ," 1,200,000 "
2020-03-17-0084-1,2020-03-17,0084,S6,61,F, 신용카드 ," 335,500 "
2020-03-17-0104-1,2020-03-17,0104,W5,67,F, 계좌이체 ," 268,000 "
2020-03-18-0125-1,2020-03-18,0125,S5,1,T, 계좌이체 ," 80,000 "
2020-03-18-0062-1,2020-03-18,0062,S1,36,T, 신용카드 ," 54,000 "
2020-03-18-0020-1,2020-03-18,0020,W3,24,F, 신용카드 ," 1,200,000 "
2020-03-18-0011-1,2020-03-18,0011,S2,15,T, 계좌이체 ," 150,000 "
2020-03-19-0130-1,2020-03-19,0130,S1,41,T, 카카오페이 ," 61,500 "
2020-03-19-0112-1,2020-03-19,0112,W5,169,F, 카카오페이 ," 676,000 "
2020-03-20-0121-1,2020-03-20,0121,A2,87,F, 신용카드 ," 1,044,000 "
2020-03-20-0035-1,2020-03-20,0035,W4,208,F, 계좌이체 ," 104,000 "
2020-03-20-0014-1,2020-03-20,0014,A2,2,F, 신용카드 ," 24,000 "
2020-03-20-0069-1,2020-03-20,0069,A4,48,F, 계좌이체 ," 240,000 "
2020-03-20-0080-1,2020-03-20,0080,A3,84,F, 신용카드 ," 1,428,000 "
2020-03-20-0086-1,2020-03-20,0086,S6,218,F, 신용카드 ," 1,199,000 "
2020-03-21-0080-1,2020-03-21,0080,S4,5,T, 신용카드 ," 175,000 "
2020-03-21-0066-1,2020-03-21,0066,W5,322,F, 계좌이체 ," 1,288,000 "
2020-03-21-0069-1,2020-03-21,0069,S3,6,T, 계좌이체 ," 132,000 "
2020-03-21-0078-1,2020-03-21,0078,S3,8,T, 계좌이체 ," 176,000 "
2020-03-21-0041-1,2020-03-21,0041,A2,42,F, 계좌이체 ," 504,000 "
2020-03-21-0093-1,2020-03-21,0093,A1,397,F, 신용카드 ," 1,985,000 "
2020-03-22-0045-1,2020-03-22,0045,C1,52,F, 신용카드 ," 1,300,000 "
2020-03-22-0044-1,2020-03-22,0044,A1,165,T, 신용카드 ," 825,000 "
2020-03-22-0065-1,2020-03-22,0065,A3,79,F, 신용카드 ," 1,343,000 "
2020-03-22-0101-1,2020-03-22,0101,S2,19,F, 카카오페이 ," 190,000 "
2020-03-23-0070-1,2020-03-23,0070,A3,78,F, 계좌이체 ," 1,326,000 "
2020-03-23-0111-1,2020-03-23,0111,W3,15,T, 계좌이체 ," 750,000 "
2020-03-23-0119-1,2020-03-23,0119,A2,31,F, 카카오페이 ," 372,000 "
2020-03-23-0045-1,2020-03-23,0045,A3,10,F, 계좌이체 ," 170,000 "
2020-03-24-0135-1,2020-03-24,0135,A3,11,F, 카카오페이 ," 187,000 "
2020-03-24-0024-1,2020-03-24,0024,S3,11,T, 신용카드 ," 242,000 "
2020-03-24-0011-1,2020-03-24,0011,A2,81,F, 신용카드 ," 972,000 "
2020-03-24-0042-1,2020-03-24,0042,S5,19,F, 신용카드 ," 1,520,000 "
2020-03-24-0001-1,2020-03-24,0001,A1,373,F, 계좌이체 ," 1,865,000 "
2020-03-24-0066-1,2020-03-24,0066,W2,1,T, 계좌이체 ," 75,000 "
2020-03-24-0124-1,2020-03-24,0124,A4,16,T, 신용카드 ," 80,000 "
2020-03-25-0142-1,2020-03-25,0142,A1,358,T, 신용카드 ," 1,790,000 "
2020-03-25-0129-1,2020-03-25,0129,W5,360,F, 신용카드 ," 1,440,000 "
2020-03-25-0024-1,2020-03-25,0024,A4,47,F, 카카오페이 ," 235,000 "
2020-03-25-0044-1,2020-03-25,0044,S6,186,F, 계좌이체 ," 1,023,000 "
2020-03-25-0092-1,2020-03-25,0092,A4,94,F, 신용카드 ," 470,000 "
2020-03-26-0094-1,2020-03-26,0094,W1,16,T, 카카오페이 ," 960,000 "
2020-03-26-0018-1,2020-03-26,0018,S5,17,F, 신용카드 ," 1,360,000 "
2020-03-27-0062-1,2020-03-27,0062,S4,23,F, 신용카드 ," 805,000 "
2020-03-27-0050-1,2020-03-27,0050,S1,39,T, 신용카드 ," 58,500 "
2020-03-27-0079-1,2020-03-27,0079,S6,75,F, 신용카드 ," 412,500 "
2020-03-27-0118-1,2020-03-27,0118,S3,1,F, 계좌이체 ," 22,000 "
2020-03-27-0021-1,2020-03-27,0021,S1,24,F, 계좌이체 ," 36,000 "
2020-03-27-0073-1,2020-03-27,0073,S1,82,F, 신용카드 ," 123,000 "
2020-03-27-0062-2,2020-03-27,0062,C2,84,F, 신용카드 ," 2,268,000 "
2020-03-27-0023-1,2020-03-27,0023,W5,348,F, 계좌이체 ," 1,392,000 "
2020-03-27-0012-1,2020-03-27,0012,W5,149,F, 계좌이체 ," 596,000 "
2020-03-28-0139-1,2020-03-28,0139,C1,69,F, 카카오페이 ," 1,725,000 "
2020-03-28-0107-1,2020-03-28,0107,C1,15,F, 신용카드 ," 375,000 "
2020-03-28-0003-1,2020-03-28,0003,S1,40,F, 신용카드 ," 60,000 "
2020-03-28-0080-1,2020-03-28,0080,W2,17,T, 신용카드 ," 1,275,000 "
2020-03-28-0098-1,2020-03-28,0098,W3,23,T, 신용카드 ," 1,150,000 "
2020-03-28-0080-2,2020-03-28,0080,S3,12,T, 신용카드 ," 264,000 "
2020-03-28-0053-1,2020-03-28,0053,A2,94,F, 신용카드 ," 1,128,000 "
2020-03-28-0004-1,2020-03-28,0004,S3,7,F, 신용카드 ," 154,000 "
2020-03-28-0067-1,2020-03-28,0067,C1,86,T, 계좌이체 ," 2,150,000 "
2020-03-28-0018-1,2020-03-28,0018,A4,54,T, 신용카드 ," 270,000 "
2020-03-29-0135-1,2020-03-29,0135,W4,307,F, 신용카드 ," 153,500 "
2020-03-29-0130-1,2020-03-29,0130,S6,473,F, 신용카드 ," 2,601,500 "
2020-03-29-0096-1,2020-03-29,0096,S3,20,T, 신용카드 ," 440,000 "
2020-03-29-0094-1,2020-03-29,0094,S6,291,F, 신용카드 ," 1,600,500 "
2020-03-29-0022-1,2020-03-29,0022,S6,50,F, 계좌이체 ," 275,000 "
2020-03-30-0138-1,2020-03-30,0138,S5,18,T, 신용카드 ," 1,440,000 "
2020-03-31-0092-1,2020-03-31,0092,A1,237,T, 신용카드 ," 1,185,000 "
2020-03-31-0084-1,2020-03-31,0084,A1,153,T, 신용카드 ," 765,000 "
2020-03-31-0010-1,2020-03-31,0010,W4,111,F, 계좌이체 ," 55,500 "
2020-04-01-0097-1,2020-04-01,0097,S4,12,F, 카카오페이 ," 420,000 "
2020-04-01-0027-1,2020-04-01,0027,S4,20,F, 신용카드 ," 700,000 "
2020-04-02-0063-1,2020-04-02,0063,S2,18,F, 계좌이체 ," 180,000 "
2020-04-03-0097-1,2020-04-03,0097,S4,9,F, 신용카드 ," 315,000 "
2020-04-03-0135-1,2020-04-03,0135,S1,38,T, 신용카드 ," 57,000 "
2020-04-04-0105-1,2020-04-04,0105,S1,60,F, 계좌이체 ," 90,000 "
2020-04-05-0053-1,2020-04-05,0053,W1,2,T, 신용카드 ," 120,000 "
2020-04-05-0011-1,2020-04-05,0011,A3,95,F, 신용카드 ," 1,615,000 "
2020-04-06-0140-1,2020-04-06,0140,C2,15,F, 계좌이체 ," 405,000 "
2020-04-06-0043-1,2020-04-06,0043,A2,78,F, 계좌이체 ," 936,000 "
2020-04-06-0054-1,2020-04-06,0054,S3,2,T, 카카오페이 ," 44,000 "
2020-04-06-0155-1,2020-04-06,0155,S3,4,F, 카카오페이 ," 88,000 "
2020-04-08-0138-1,2020-04-08,0138,S6,187,F, 계좌이체 ," 1,028,500 "
2020-04-08-0131-1,2020-04-08,0131,S4,25,T, 신용카드 ," 875,000 "
2020-04-09-0029-1,2020-04-09,0029,W5,449,F, 신용카드 ," 1,796,000 "
2020-04-09-0020-1,2020-04-09,0020,A2,98,F, 신용카드 ," 1,176,000 "
2020-04-09-0001-1,2020-04-09,0001,S2,10,F, 카카오페이 ," 100,000 "
2020-04-09-0147-1,2020-04-09,0147,A2,57,F, 신용카드 ," 684,000 "
2020-04-10-0116-1,2020-04-10,0116,S6,262,F, 카카오페이 ," 1,441,000 "
2020-04-10-0042-1,2020-04-10,0042,A4,30,T, 카카오페이 ," 150,000 "
2020-04-10-0132-1,2020-04-10,0132,W3,12,F, 신용카드 ," 600,000 "
2020-04-10-0123-1,2020-04-10,0123,W6,22,F, 계좌이체 ," 990,000 "
2020-04-11-0031-1,2020-04-11,0031,S1,9,T, 카카오페이 ," 13,500 "
2020-04-11-0020-1,2020-04-11,0020,A2,78,F, 계좌이체 ," 936,000 "
2020-04-11-0094-1,2020-04-11,0094,S2,12,F, 신용카드 ," 120,000 "
2020-04-11-0141-1,2020-04-11,0141,S3,1,T, 신용카드 ," 22,000 "
2020-04-11-0012-1,2020-04-11,0012,S4,11,T, 계좌이체 ," 385,000 "
2020-04-12-0111-1,2020-04-12,0111,W3,12,F, 계좌이체 ," 600,000 "
2020-04-12-0156-1,2020-04-12,0156,W5,473,F, 신용카드 ," 1,892,000 "
2020-04-13-0116-1,2020-04-13,0116,S1,59,F, 계좌이체 ," 88,500 "
2020-04-13-0101-1,2020-04-13,0101,A2,90,F, 카카오페이 ," 1,080,000 "
2020-04-13-0066-1,2020-04-13,0066,C1,81,F, 신용카드 ," 2,025,000 "
2020-04-14-0115-1,2020-04-14,0115,W5,20,F, 신용카드 ," 80,000 "
2020-04-14-0103-1,2020-04-14,0103,W3,11,T, 카카오페이 ," 550,000 "
2020-04-15-0086-1,2020-04-15,0086,S2,5,F, 신용카드 ," 50,000 "
2020-04-15-0010-1,2020-04-15,0010,A4,51,F, 계좌이체 ," 255,000 "
2020-04-15-0133-1,2020-04-15,0133,W2,10,T, 계좌이체 ," 750,000 "
2020-04-16-0014-1,2020-04-16,0014,A3,34,F, 신용카드 ," 578,000 "
2020-04-17-0123-1,2020-04-17,0123,S1,34,T, 신용카드 ," 51,000 "
2020-04-17-0157-1,2020-04-17,0157,W1,6,F, 신용카드 ," 360,000 "
2020-04-18-0085-1,2020-04-18,0085,S2,2,T, 계좌이체 ," 20,000 "
2020-04-19-0122-1,2020-04-19,0122,W6,21,T, 신용카드 ," 945,000 "
2020-04-19-0006-1,2020-04-19,0006,C1,62,T, 계좌이체 ," 1,550,000 "
2020-04-19-0068-1,2020-04-19,0068,W6,2,F, 계좌이체 ," 90,000 "
2020-04-19-0077-1,2020-04-19,0077,S5,20,F, 신용카드 ," 1,600,000 "
2020-04-19-0015-1,2020-04-19,0015,C1,24,F, 계좌이체 ," 600,000 "
2020-04-19-0039-1,2020-04-19,0039,S1,88,F, 계좌이체 ," 132,000 "
2020-04-20-0018-1,2020-04-20,0018,S1,67,T, 계좌이체 ," 100,500 "
2020-04-20-0082-1,2020-04-20,0082,A4,35,T, 계좌이체 ," 175,000 "
2020-04-21-0109-1,2020-04-21,0109,W6,12,F, 신용카드 ," 540,000 "
2020-04-21-0126-1,2020-04-21,0126,C1,24,F, 계좌이체 ," 600,000 "
2020-04-21-0027-1,2020-04-21,0027,S5,22,T, 신용카드 ," 1,760,000 "
2020-04-21-0068-1,2020-04-21,0068,S5,25,F, 신용카드 ," 2,000,000 "
2020-04-22-0018-1,2020-04-22,0018,C1,60,T, 계좌이체 ," 1,500,000 "
2020-04-22-0118-1,2020-04-22,0118,C2,70,T, 카카오페이 ," 1,890,000 "
2020-04-22-0156-1,2020-04-22,0156,W1,23,T, 신용카드 ," 1,380,000 "
2020-04-23-0119-1,2020-04-23,0119,A2,87,F, 신용카드 ," 1,044,000 "
2020-04-23-0011-1,2020-04-23,0011,W6,25,T, 신용카드 ," 1,125,000 "
2020-04-23-0026-1,2020-04-23,0026,W1,6,F, 신용카드 ," 360,000 "
2020-04-23-0089-1,2020-04-23,0089,A2,69,F, 계좌이체 ," 828,000 "
2020-04-24-0144-1,2020-04-24,0144,W1,24,T, 신용카드 ," 1,440,000 "
2020-04-24-0069-1,2020-04-24,0069,W1,22,F, 신용카드 ," 1,320,000 "
2020-04-24-0042-1,2020-04-24,0042,W3,15,F, 카카오페이 ," 750,000 "
2020-04-24-0059-1,2020-04-24,0059,A1,268,T, 신용카드 ," 1,340,000 "
2020-04-25-0052-1,2020-04-25,0052,S5,7,F, 계좌이체 ," 560,000 "
2020-04-26-0061-1,2020-04-26,0061,S2,25,F, 계좌이체 ," 250,000 "
2020-04-26-0133-1,2020-04-26,0133,W3,21,F, 신용카드 ," 1,050,000 "
2020-04-26-0023-1,2020-04-26,0023,W3,2,T, 계좌이체 ," 100,000 "
2020-04-27-0002-1,2020-04-27,0002,W5,436,F, 신용카드 ," 1,744,000 "
2020-04-27-0147-1,2020-04-27,0147,C2,27,F, 계좌이체 ," 729,000 "
2020-04-27-0117-1,2020-04-27,0117,A1,486,T, 신용카드 ," 2,430,000 "
2020-04-27-0050-1,2020-04-27,0050,A1,411,F, 계좌이체 ," 2,055,000 "
2020-04-28-0096-1,2020-04-28,0096,W1,3,F, 카카오페이 ," 180,000 "
2020-04-29-0150-1,2020-04-29,0150,W2,15,T, 계좌이체 ," 1,125,000 "
2020-04-29-0123-1,2020-04-29,0123,S6,145,F, 신용카드 ," 797,500 "
2020-04-29-0156-1,2020-04-29,0156,W3,21,F, 신용카드 ," 1,050,000 "
2020-04-29-0069-1,2020-04-29,0069,W1,12,T, 계좌이체 ," 720,000 "
2020-04-30-0032-1,2020-04-30,0032,S5,10,T, 계좌이체 ," 800,000 "
2020-04-30-0099-1,2020-04-30,0099,W1,18,T, 신용카드 ," 1,080,000 "
2020-04-30-0115-1,2020-04-30,0115,W5,230,F, 신용카드 ," 920,000 "
2020-04-30-0137-1,2020-04-30,0137,A2,55,F, 신용카드 ," 660,000 "
2020-04-30-0012-1,2020-04-30,0012,A1,261,F, 신용카드 ," 1,305,000 "
2020-04-30-0121-1,2020-04-30,0121,A1,160,T, 계좌이체 ," 800,000 "
2020-05-01-0125-1,2020-05-01,0125,A4,42,T, 카카오페이 ," 210,000 "
2020-05-01-0169-1,2020-05-01,0169,S6,164,F, 신용카드 ," 902,000 "
2020-05-01-0086-1,2020-05-01,0086,S4,11,F, 신용카드 ," 385,000 "
2020-05-01-0040-1,2020-05-01,0040,S1,44,T, 신용카드 ," 66,000 "
2020-05-01-0089-1,2020-05-01,0089,S1,67,T, 신용카드 ," 100,500 "
2020-05-01-0135-1,2020-05-01,0135,S2,1,T, 계좌이체 ," 10,000 "
2020-05-02-0136-1,2020-05-02,0136,A4,28,F, 신용카드 ," 140,000 "
2020-05-02-0045-1,2020-05-02,0045,S6,492,F, 신용카드 ," 2,706,000 "
2020-05-02-0061-1,2020-05-02,0061,S5,21,T, 계좌이체 ," 1,680,000 "
2020-05-02-0150-1,2020-05-02,0150,S1,100,T, 계좌이체 ," 150,000 "
2020-05-02-0003-1,2020-05-02,0003,A2,96,F, 계좌이체 ," 1,152,000 "
2020-05-02-0105-1,2020-05-02,0105,W1,25,F, 계좌이체 ," 1,500,000 "
2020-05-03-0054-1,2020-05-03,0054,S6,323,F, 신용카드 ," 1,776,500 "
2020-05-04-0145-1,2020-05-04,0145,A4,63,T, 카카오페이 ," 315,000 "
2020-05-04-0001-1,2020-05-04,0001,C2,33,T, 신용카드 ," 891,000 "
2020-05-04-0145-2,2020-05-04,0145,S5,14,T, 신용카드 ," 1,120,000 "
2020-05-04-0041-1,2020-05-04,0041,C1,40,T, 신용카드 ," 1,000,000 "
2020-05-04-0035-1,2020-05-04,0035,S2,21,F, 신용카드 ," 210,000 "
2020-05-04-0021-1,2020-05-04,0021,W6,9,F, 카카오페이 ," 405,000 "
2020-05-04-0019-1,2020-05-04,0019,W2,6,F, 계좌이체 ," 450,000 "
2020-05-05-0092-1,2020-05-05,0092,W1,19,T, 신용카드 ," 1,140,000 "
2020-05-05-0069-1,2020-05-05,0069,W5,416,F, 신용카드 ," 1,664,000 "
2020-05-05-0059-1,2020-05-05,0059,S2,16,F, 신용카드 ," 160,000 "
2020-05-05-0064-1,2020-05-05,0064,A1,243,T, 계좌이체 ," 1,215,000 "
2020-05-05-0002-1,2020-05-05,0002,S1,33,T, 신용카드 ," 49,500 "
2020-05-06-0105-1,2020-05-06,0105,C1,86,T, 신용카드 ," 2,150,000 "
2020-05-06-0064-1,2020-05-06,0064,S5,10,T, 계좌이체 ," 800,000 "
2020-05-06-0032-1,2020-05-06,0032,A3,27,F, 신용카드 ," 459,000 "
2020-05-06-0039-1,2020-05-06,0039,C1,80,F, 신용카드 ," 2,000,000 "
2020-05-07-0136-1,2020-05-07,0136,A4,93,F, 신용카드 ," 465,000 "
2020-05-08-0034-1,2020-05-08,0034,A3,87,F, 신용카드 ," 1,479,000 "
2020-05-08-0043-1,2020-05-08,0043,W3,1,T, 계좌이체 ," 50,000 "
2020-05-08-0013-1,2020-05-08,0013,S1,80,T, 신용카드 ," 120,000 "
2020-05-08-0074-1,2020-05-08,0074,C1,72,T, 신용카드 ," 1,800,000 "
2020-05-08-0008-1,2020-05-08,0008,A1,359,F, 신용카드 ," 1,795,000 "
2020-05-08-0023-1,2020-05-08,0023,A3,50,F, 계좌이체 ," 850,000 "
2020-05-08-0137-1,2020-05-08,0137,C2,35,F, 계좌이체 ," 945,000 "
2020-05-09-0167-1,2020-05-09,0167,W4,356,F, 카카오페이 ," 178,000 "
2020-05-09-0077-1,2020-05-09,0077,S6,128,F, 계좌이체 ," 704,000 "
2020-05-09-0021-1,2020-05-09,0021,A4,48,T, 신용카드 ," 240,000 "
2020-05-09-0163-1,2020-05-09,0163,W5,383,F, 신용카드 ," 1,532,000 "
2020-05-10-0084-1,2020-05-10,0084,W6,4,F, 신용카드 ," 180,000 "
2020-05-10-0062-1,2020-05-10,0062,S6,132,F, 계좌이체 ," 726,000 "
2020-05-10-0087-1,2020-05-10,0087,S5,1,T, 신용카드 ," 80,000 "
2020-05-10-0097-1,2020-05-10,0097,A1,421,T, 신용카드 ," 2,105,000 "
2020-05-10-0148-1,2020-05-10,0148,W4,495,F, 계좌이체 ," 247,500 "
2020-05-10-0083-1,2020-05-10,0083,S3,19,F, 신용카드 ," 418,000 "
2020-05-10-0154-1,2020-05-10,0154,W1,9,T, 신용카드 ," 540,000 "
2020-05-11-0099-1,2020-05-11,0099,W1,17,F, 신용카드 ," 1,020,000 "
2020-05-11-0017-1,2020-05-11,0017,A3,3,F, 카카오페이 ," 51,000 "
2020-05-11-0155-1,2020-05-11,0155,C1,73,T, 신용카드 ," 1,825,000 "
2020-05-11-0090-1,2020-05-11,0090,A4,77,F, 카카오페이 ," 385,000 "
2020-05-11-0016-1,2020-05-11,0016,S3,6,T, 신용카드 ," 132,000 "
2020-05-11-0092-1,2020-05-11,0092,W6,7,T, 신용카드 ," 315,000 "
2020-05-12-0009-1,2020-05-12,0009,C2,74,T, 신용카드 ," 1,998,000 "
2020-05-12-0075-1,2020-05-12,0075,S5,11,F, 카카오페이 ," 880,000 "
2020-05-13-0069-1,2020-05-13,0069,W6,19,T, 카카오페이 ," 855,000 "
2020-05-14-0163-1,2020-05-14,0163,S5,8,F, 신용카드 ," 640,000 "
2020-05-14-0141-1,2020-05-14,0141,A3,85,F, 신용카드 ," 1,445,000 "
2020-05-14-0025-1,2020-05-14,0025,A3,48,F, 신용카드 ," 816,000 "
2020-05-14-0150-1,2020-05-14,0150,A3,9,F, 계좌이체 ," 153,000 "
2020-05-14-0039-1,2020-05-14,0039,S3,20,F, 신용카드 ," 440,000 "
2020-05-15-0052-1,2020-05-15,0052,W6,17,F, 계좌이체 ," 765,000 "
2020-05-15-0030-1,2020-05-15,0030,S3,7,T, 계좌이체 ," 154,000 "
2020-05-16-0125-1,2020-05-16,0125,A1,480,T, 신용카드 ," 2,400,000 "
2020-05-16-0033-1,2020-05-16,0033,W2,1,T, 신용카드 ," 75,000 "
2020-05-16-0017-1,2020-05-16,0017,W4,330,F, 신용카드 ," 165,000 "
2020-05-17-0119-1,2020-05-17,0119,W5,197,F, 신용카드 ," 788,000 "
2020-05-17-0072-1,2020-05-17,0072,C2,34,F, 계좌이체 ," 918,000 "
2020-05-17-0014-1,2020-05-17,0014,A3,95,F, 신용카드 ," 1,615,000 "
2020-05-17-0130-1,2020-05-17,0130,A4,64,T, 신용카드 ," 320,000 "
2020-05-17-0065-1,2020-05-17,0065,A3,5,F, 카카오페이 ," 85,000 "
2020-05-18-0042-1,2020-05-18,0042,S4,20,F, 계좌이체 ," 700,000 "
2020-05-18-0008-1,2020-05-18,0008,W2,13,T, 계좌이체 ," 975,000 "
2020-05-18-0089-1,2020-05-18,0089,W3,18,T, 카카오페이 ," 900,000 "
2020-05-18-0022-1,2020-05-18,0022,S4,20,T, 카카오페이 ," 700,000 "
2020-05-18-0075-1,2020-05-18,0075,C1,2,F, 카카오페이 ," 50,000 "
2020-05-18-0072-1,2020-05-18,0072,S1,14,F, 신용카드 ," 21,000 "
2020-05-19-0033-1,2020-05-19,0033,S6,476,F, 신용카드 ," 2,618,000 "
2020-05-19-0027-1,2020-05-19,0027,A3,78,F, 신용카드 ," 1,326,000 "
2020-05-19-0068-1,2020-05-19,0068,W4,78,F, 계좌이체 ," 39,000 "
2020-05-20-0044-1,2020-05-20,0044,C2,8,T, 신용카드 ," 216,000 "
2020-05-20-0137-1,2020-05-20,0137,S5,21,F, 계좌이체 ," 1,680,000 "
2020-05-20-0072-1,2020-05-20,0072,W5,319,F, 신용카드 ," 1,276,000 "
2020-05-20-0008-1,2020-05-20,0008,S4,18,F, 신용카드 ," 630,000 "
2020-05-20-0119-1,2020-05-20,0119,S1,99,T, 신용카드 ," 148,500 "
2020-05-21-0170-1,2020-05-21,0170,S6,155,F, 계좌이체 ," 852,500 "
2020-05-21-0056-1,2020-05-21,0056,S6,165,F, 계좌이체 ," 907,500 "
2020-05-21-0070-1,2020-05-21,0070,A4,83,T, 신용카드 ," 415,000 "
2020-05-21-0160-1,2020-05-21,0160,S3,3,F, 신용카드 ," 66,000 "
2020-05-22-0104-1,2020-05-22,0104,W4,438,F, 카카오페이 ," 219,000 "
2020-05-22-0129-1,2020-05-22,0129,S1,53,T, 신용카드 ," 79,500 "
2020-05-22-0159-1,2020-05-22,0159,C2,43,T, 계좌이체 ," 1,161,000 "
2020-05-22-0128-1,2020-05-22,0128,W3,23,T, 신용카드 ," 1,150,000 "
2020-05-22-0076-1,2020-05-22,0076,A3,64,F, 신용카드 ," 1,088,000 "
2020-05-23-0137-1,2020-05-23,0137,C2,49,F, 신용카드 ," 1,323,000 "
2020-05-23-0150-1,2020-05-23,0150,W1,4,T, 계좌이체 ," 240,000 "
2020-05-23-0022-1,2020-05-23,0022,C1,42,T, 신용카드 ," 1,050,000 "
2020-05-23-0163-1,2020-05-23,0163,S3,10,F, 계좌이체 ," 220,000 "
2020-05-23-0134-1,2020-05-23,0134,S6,495,F, 계좌이체 ," 2,722,500 "
2020-05-23-0004-1,2020-05-23,0004,W2,15,T, 카카오페이 ," 1,125,000 "
2020-05-24-0155-1,2020-05-24,0155,S5,2,F, 카카오페이 ," 160,000 "
2020-05-24-0055-1,2020-05-24,0055,A3,36,F, 계좌이체 ," 612,000 "
2020-05-24-0118-1,2020-05-24,0118,S6,258,F, 신용카드 ," 1,419,000 "
2020-05-24-0066-1,2020-05-24,0066,W4,223,F, 신용카드 ," 111,500 "
2020-05-24-0164-1,2020-05-24,0164,S6,56,F, 신용카드 ," 308,000 "
2020-05-24-0131-1,2020-05-24,0131,A2,11,F, 카카오페이 ," 132,000 "
2020-05-24-0005-1,2020-05-24,0005,C2,44,T, 신용카드 ," 1,188,000 "
2020-05-25-0097-1,2020-05-25,0097,A2,51,F, 신용카드 ," 612,000 "
2020-05-25-0120-1,2020-05-25,0120,A3,79,F, 계좌이체 ," 1,343,000 "
2020-05-26-0022-1,2020-05-26,0022,W3,25,F, 신용카드 ," 1,250,000 "
2020-05-26-0047-1,2020-05-26,0047,A2,47,F, 신용카드 ," 564,000 "
2020-05-26-0053-1,2020-05-26,0053,A1,419,T, 신용카드 ," 2,095,000 "
2020-05-27-0117-1,2020-05-27,0117,A2,58,F, 신용카드 ," 696,000 "
2020-05-27-0075-1,2020-05-27,0075,A2,30,F, 계좌이체 ," 360,000 "
2020-05-28-0036-1,2020-05-28,0036,W1,19,F, 신용카드 ," 1,140,000 "
2020-05-28-0124-1,2020-05-28,0124,C2,86,F, 계좌이체 ," 2,322,000 "
2020-05-28-0057-1,2020-05-28,0057,W3,19,T, 카카오페이 ," 950,000 "
2020-05-28-0162-1,2020-05-28,0162,A1,62,T, 계좌이체 ," 310,000 "
2020-05-28-0156-1,2020-05-28,0156,A1,163,F, 계좌이체 ," 815,000 "
2020-05-28-0123-1,2020-05-28,0123,S3,6,T, 계좌이체 ," 132,000 "
2020-05-28-0135-1,2020-05-28,0135,S1,40,F, 신용카드 ," 60,000 "
2020-05-28-0095-1,2020-05-28,0095,W2,24,F, 카카오페이 ," 1,800,000 "
2020-05-29-0061-1,2020-05-29,0061,C2,96,T, 신용카드 ," 2,592,000 "
2020-05-29-0058-1,2020-05-29,0058,C2,21,F, 신용카드 ," 567,000 "
2020-05-30-0016-1,2020-05-30,0016,A3,61,F, 계좌이체 ," 1,037,000 "
2020-05-30-0117-1,2020-05-30,0117,S3,11,T, 신용카드 ," 242,000 "
2020-05-30-0012-1,2020-05-30,0012,A2,84,F, 신용카드 ," 1,008,000 "
2020-05-30-0079-1,2020-05-30,0079,A3,88,F, 신용카드 ," 1,496,000 "
2020-05-31-0029-1,2020-05-31,0029,S5,25,T, 계좌이체 ," 2,000,000 "
2020-05-31-0001-1,2020-05-31,0001,W6,6,T, 카카오페이 ," 270,000 "
2020-05-31-0161-1,2020-05-31,0161,S4,6,F, 신용카드 ," 210,000 "
2020-05-31-0139-1,2020-05-31,0139,A2,65,F, 계좌이체 ," 780,000 "
2020-06-01-0053-1,2020-06-01,0053,A3,59,F, 신용카드 ," 1,003,000 "
2020-06-01-0147-1,2020-06-01,0147,A4,19,T, 계좌이체 ," 95,000 "
2020-06-01-0055-1,2020-06-01,0055,A3,56,F, 계좌이체 ," 952,000 "
2020-06-02-0065-1,2020-06-02,0065,C1,29,F, 계좌이체 ," 725,000 "
2020-06-02-0144-1,2020-06-02,0144,A1,180,T, 카카오페이 ," 900,000 "
2020-06-02-0168-1,2020-06-02,0168,S3,9,T, 계좌이체 ," 198,000 "
2020-06-02-0175-1,2020-06-02,0175,A1,257,F, 계좌이체 ," 1,285,000 "
2020-06-03-0061-1,2020-06-03,0061,S3,2,F, 신용카드 ," 44,000 "
2020-06-03-0116-1,2020-06-03,0116,W2,24,F, 신용카드 ," 1,800,000 "
2020-06-03-0168-1,2020-06-03,0168,C2,86,F, 신용카드 ," 2,322,000 "
2020-06-03-0183-1,2020-06-03,0183,A3,59,F, 신용카드 ," 1,003,000 "
2020-06-04-0110-1,2020-06-04,0110,S5,10,F, 카카오페이 ," 800,000 "
2020-06-04-0159-1,2020-06-04,0159,C2,91,T, 신용카드 ," 2,457,000 "
2020-06-04-0033-1,2020-06-04,0033,W5,477,F, 신용카드 ," 1,908,000 "
2020-06-05-0102-1,2020-06-05,0102,W4,193,F, 계좌이체 ," 96,500 "
2020-06-05-0071-1,2020-06-05,0071,W3,1,F, 카카오페이 ," 50,000 "
2020-06-06-0059-1,2020-06-06,0059,A2,44,F, 카카오페이 ," 528,000 "
2020-06-06-0188-1,2020-06-06,0188,S1,42,T, 계좌이체 ," 63,000 "
2020-06-06-0178-1,2020-06-06,0178,C2,35,F, 신용카드 ," 945,000 "
2020-06-07-0031-1,2020-06-07,0031,S1,16,T, 카카오페이 ," 24,000 "
2020-06-07-0059-1,2020-06-07,0059,W1,1,F, 카카오페이 ," 60,000 "
2020-06-07-0099-1,2020-06-07,0099,A4,81,T, 신용카드 ," 405,000 "
2020-06-07-0119-1,2020-06-07,0119,S1,20,T, 신용카드 ," 30,000 "
2020-06-09-0014-1,2020-06-09,0014,S3,25,T, 계좌이체 ," 550,000 "
2020-06-09-0116-1,2020-06-09,0116,W6,3,F, 계좌이체 ," 135,000 "
2020-06-10-0064-1,2020-06-10,0064,S4,6,T, 신용카드 ," 210,000 "
2020-06-10-0092-1,2020-06-10,0092,S1,86,T, 신용카드 ," 129,000 "
2020-06-10-0089-1,2020-06-10,0089,C1,12,F, 신용카드 ," 300,000 "
2020-06-10-0184-1,2020-06-10,0184,S2,16,F, 신용카드 ," 160,000 "
2020-06-10-0080-1,2020-06-10,0080,W5,160,F, 계좌이체 ," 640,000 "
2020-06-10-0059-1,2020-06-10,0059,S2,2,T, 신용카드 ," 20,000 "
2020-06-10-0017-1,2020-06-10,0017,W6,24,F, 카카오페이 ," 1,080,000 "
2020-06-11-0146-1,2020-06-11,0146,S6,304,F, 신용카드 ," 1,672,000 "
2020-06-11-0004-1,2020-06-11,0004,S1,51,T, 계좌이체 ," 76,500 "
2020-06-11-0106-1,2020-06-11,0106,S6,340,F, 신용카드 ," 1,870,000 "
2020-06-12-0183-1,2020-06-12,0183,A2,46,F, 계좌이체 ," 552,000 "
2020-06-12-0033-1,2020-06-12,0033,W2,24,T, 신용카드 ," 1,800,000 "
2020-06-12-0160-1,2020-06-12,0160,W3,2,T, 계좌이체 ," 100,000 "
2020-06-12-0181-1,2020-06-12,0181,S2,9,F, 계좌이체 ," 90,000 "
2020-06-13-0158-1,2020-06-13,0158,W1,5,T, 카카오페이 ," 300,000 "
2020-06-14-0019-1,2020-06-14,0019,S5,15,T, 신용카드 ," 1,200,000 "
2020-06-14-0105-1,2020-06-14,0105,W3,11,F, 카카오페이 ," 550,000 "
2020-06-14-0011-1,2020-06-14,0011,W2,10,T, 카카오페이 ," 750,000 "
2020-06-16-0002-1,2020-06-16,0002,W2,12,F, 계좌이체 ," 900,000 "
2020-06-16-0089-1,2020-06-16,0089,S2,17,T, 신용카드 ," 170,000 "
2020-06-17-0176-1,2020-06-17,0176,A3,20,F, 신용카드 ," 340,000 "
2020-06-17-0085-1,2020-06-17,0085,A4,20,T, 카카오페이 ," 100,000 "
2020-06-17-0047-1,2020-06-17,0047,W2,21,T, 신용카드 ," 1,575,000 "
2020-06-18-0081-1,2020-06-18,0081,W5,326,F, 신용카드 ," 1,304,000 "
2020-06-18-0122-1,2020-06-18,0122,W5,466,F, 신용카드 ," 1,864,000 "
2020-06-18-0143-1,2020-06-18,0143,S1,84,T, 계좌이체 ," 126,000 "
2020-06-18-0157-1,2020-06-18,0157,W6,18,F, 카카오페이 ," 810,000 "
2020-06-19-0099-1,2020-06-19,0099,A2,11,F, 신용카드 ," 132,000 "
2020-06-19-0182-1,2020-06-19,0182,A3,50,F, 계좌이체 ," 850,000 "
2020-06-19-0075-1,2020-06-19,0075,A2,34,F, 카카오페이 ," 408,000 "
2020-06-20-0056-1,2020-06-20,0056,S1,57,T, 신용카드 ," 85,500 "
2020-06-20-0113-1,2020-06-20,0113,C2,89,F, 계좌이체 ," 2,403,000 "
2020-06-20-0104-1,2020-06-20,0104,S6,359,F, 신용카드 ," 1,974,500 "
2020-06-21-0085-1,2020-06-21,0085,C1,86,F, 신용카드 ," 2,150,000 "
2020-06-21-0131-1,2020-06-21,0131,A3,43,F, 계좌이체 ," 731,000 "
2020-06-21-0160-1,2020-06-21,0160,S5,8,T, 카카오페이 ," 640,000 "
2020-06-21-0124-1,2020-06-21,0124,W3,4,F, 계좌이체 ," 200,000 "
2020-06-22-0088-1,2020-06-22,0088,S4,25,F, 신용카드 ," 875,000 "
2020-06-22-0180-1,2020-06-22,0180,W5,148,F, 신용카드 ," 592,000 "
2020-06-22-0183-1,2020-06-22,0183,W6,1,F, 신용카드 ," 45,000 "
2020-06-22-0093-1,2020-06-22,0093,S5,15,T, 신용카드 ," 1,200,000 "
2020-06-23-0072-1,2020-06-23,0072,A1,484,T, 신용카드 ," 2,420,000 "
2020-06-23-0013-1,2020-06-23,0013,S5,1,T, 신용카드 ," 80,000 "
2020-06-23-0100-1,2020-06-23,0100,S2,10,F, 카카오페이 ," 100,000 "
2020-06-23-0132-1,2020-06-23,0132,A2,87,F, 계좌이체 ," 1,044,000 "
2020-06-23-0128-1,2020-06-23,0128,S5,21,F, 신용카드 ," 1,680,000 "
2020-06-26-0084-1,2020-06-26,0084,S6,18,F, 신용카드 ," 99,000 "
2020-06-26-0058-1,2020-06-26,0058,S1,76,F, 신용카드 ," 114,000 "
2020-06-27-0091-1,2020-06-27,0091,S6,328,F, 신용카드 ," 1,804,000 "
2020-06-27-0143-1,2020-06-27,0143,W6,21,T, 신용카드 ," 945,000 "
2020-06-27-0154-1,2020-06-27,0154,S1,6,T, 신용카드 ," 9,000 "
2020-06-28-0167-1,2020-06-28,0167,A1,37,T, 계좌이체 ," 185,000 "
2020-06-28-0037-1,2020-06-28,0037,W5,123,F, 신용카드 ," 492,000 "
2020-06-29-0182-1,2020-06-29,0182,A2,76,F, 계좌이체 ," 912,000 "
2020-06-29-0129-1,2020-06-29,0129,S6,222,F, 신용카드 ," 1,221,000 "
2020-06-29-0017-1,2020-06-29,0017,S3,11,F, 신용카드 ," 242,000 "
2020-06-30-0109-1,2020-06-30,0109,S4,14,F, 신용카드 ," 490,000 "
2020-06-30-0144-1,2020-06-30,0144,A2,86,F, 신용카드 ," 1,032,000 "
2020-06-30-0100-1,2020-06-30,0100,W4,366,F, 신용카드 ," 183,000 "
2020-06-30-0015-1,2020-06-30,0015,A1,408,F, 신용카드 ," 2,040,000 "
2020-07-01-0075-1,2020-07-01,0075,S1,34,F, 계좌이체 ," 51,000 "
2020-07-01-0008-1,2020-07-01,0008,C2,15,T, 신용카드 ," 405,000 "
2020-07-01-0104-1,2020-07-01,0104,S4,14,T, 카카오페이 ," 490,000 "
2020-07-01-0078-1,2020-07-01,0078,W4,17,F, 신용카드 ," 8,500 "
2020-07-02-0157-1,2020-07-02,0157,W6,24,T, 신용카드 ," 1,080,000 "
2020-07-02-0144-1,2020-07-02,0144,W2,25,T, 계좌이체 ," 1,875,000 "
2020-07-03-0166-1,2020-07-03,0166,A4,12,T, 계좌이체 ," 60,000 "
2020-07-03-0139-1,2020-07-03,0139,S4,17,F, 신용카드 ," 595,000 "
2020-07-03-0073-1,2020-07-03,0073,A3,8,F, 신용카드 ," 136,000 "
2020-07-03-0173-1,2020-07-03,0173,W1,2,T, 계좌이체 ," 120,000 "
2020-07-04-0191-1,2020-07-04,0191,W1,25,F, 신용카드 ," 1,500,000 "
2020-07-04-0163-1,2020-07-04,0163,A1,369,F, 신용카드 ," 1,845,000 "
2020-07-05-0051-1,2020-07-05,0051,W5,395,F, 신용카드 ," 1,580,000 "
2020-07-05-0188-1,2020-07-05,0188,W4,260,F, 계좌이체 ," 130,000 "
2020-07-05-0006-1,2020-07-05,0006,S4,5,T, 신용카드 ," 175,000 "
2020-07-06-0154-1,2020-07-06,0154,C1,52,F, 계좌이체 ," 1,300,000 "
2020-07-06-0089-1,2020-07-06,0089,A4,68,T, 계좌이체 ," 340,000 "
2020-07-07-0022-1,2020-07-07,0022,S2,5,T, 카카오페이 ," 50,000 "
2020-07-07-0170-1,2020-07-07,0170,W1,8,T, 카카오페이 ," 480,000 "
2020-07-07-0016-1,2020-07-07,0016,S6,293,F, 신용카드 ," 1,611,500 "
2020-07-07-0079-1,2020-07-07,0079,S1,98,T, 계좌이체 ," 147,000 "
2020-07-09-0133-1,2020-07-09,0133,W1,15,T, 계좌이체 ," 900,000 "
2020-07-09-0012-1,2020-07-09,0012,S2,21,F, 계좌이체 ," 210,000 "
2020-07-09-0035-1,2020-07-09,0035,A3,43,F, 계좌이체 ," 731,000 "
2020-07-09-0061-1,2020-07-09,0061,S5,20,T, 신용카드 ," 1,600,000 "
2020-07-10-0028-1,2020-07-10,0028,S5,10,F, 계좌이체 ," 800,000 "
2020-07-10-0137-1,2020-07-10,0137,A1,130,T, 계좌이체 ," 650,000 "
2020-07-10-0019-1,2020-07-10,0019,A2,14,F, 신용카드 ," 168,000 "
2020-07-10-0136-1,2020-07-10,0136,S6,435,F, 신용카드 ," 2,392,500 "
2020-07-10-0051-1,2020-07-10,0051,W4,220,F, 신용카드 ," 110,000 "
2020-07-11-0020-1,2020-07-11,0020,W6,21,T, 계좌이체 ," 945,000 "
2020-07-11-0015-1,2020-07-11,0015,W4,67,F, 신용카드 ," 33,500 "
2020-07-12-0194-1,2020-07-12,0194,S2,16,T, 신용카드 ," 160,000 "
2020-07-13-0130-1,2020-07-13,0130,A2,13,F, 신용카드 ," 156,000 "
2020-07-13-0162-1,2020-07-13,0162,W5,78,F, 계좌이체 ," 312,000 "
2020-07-14-0134-1,2020-07-14,0134,W2,12,F, 카카오페이 ," 900,000 "
2020-07-14-0080-1,2020-07-14,0080,W5,253,F, 계좌이체 ," 1,012,000 "
2020-07-14-0201-1,2020-07-14,0201,W5,152,F, 계좌이체 ," 608,000 "
2020-07-15-0166-1,2020-07-15,0166,W2,6,T, 계좌이체 ," 450,000 "
2020-07-15-0057-1,2020-07-15,0057,S5,1,F, 계좌이체 ," 80,000 "
2020-07-15-0013-1,2020-07-15,0013,A2,72,F, 계좌이체 ," 864,000 "
2020-07-15-0009-1,2020-07-15,0009,S6,351,F, 계좌이체 ," 1,930,500 "
2020-07-15-0183-1,2020-07-15,0183,S5,19,T, 카카오페이 ," 1,520,000 "
2020-07-15-0059-1,2020-07-15,0059,S1,53,F, 신용카드 ," 79,500 "
2020-07-15-0195-1,2020-07-15,0195,W6,23,T, 신용카드 ," 1,035,000 "
2020-07-16-0024-1,2020-07-16,0024,A4,79,F, 신용카드 ," 395,000 "
2020-07-16-0052-1,2020-07-16,0052,C1,5,F, 계좌이체 ," 125,000 "
2020-07-17-0121-1,2020-07-17,0121,S2,8,T, 카카오페이 ," 80,000 "
2020-07-17-0190-1,2020-07-17,0190,W2,7,T, 계좌이체 ," 525,000 "
2020-07-17-0034-1,2020-07-17,0034,S3,11,F, 카카오페이 ," 242,000 "
2020-07-17-0057-1,2020-07-17,0057,S4,8,F, 카카오페이 ," 280,000 "
2020-07-17-0157-1,2020-07-17,0157,S1,80,T, 계좌이체 ," 120,000 "
2020-07-17-0002-1,2020-07-17,0002,A4,17,F, 신용카드 ," 85,000 "
2020-07-18-0014-1,2020-07-18,0014,W3,24,F, 신용카드 ," 1,200,000 "
2020-07-18-0175-1,2020-07-18,0175,W4,308,F, 신용카드 ," 154,000 "
2020-07-19-0106-1,2020-07-19,0106,W4,238,F, 계좌이체 ," 119,000 "
2020-07-19-0009-1,2020-07-19,0009,A2,43,F, 신용카드 ," 516,000 "
2020-07-19-0141-1,2020-07-19,0141,S2,8,F, 계좌이체 ," 80,000 "
2020-07-19-0044-1,2020-07-19,0044,W3,3,T, 계좌이체 ," 150,000 "
2020-07-19-0196-1,2020-07-19,0196,S4,24,T, 계좌이체 ," 840,000 "
2020-07-19-0123-1,2020-07-19,0123,A3,42,F, 신용카드 ," 714,000 "
2020-07-20-0155-1,2020-07-20,0155,S2,12,T, 카카오페이 ," 120,000 "
2020-07-20-0070-1,2020-07-20,0070,S1,91,T, 신용카드 ," 136,500 "
2020-07-20-0200-1,2020-07-20,0200,A3,33,F, 신용카드 ," 561,000 "
2020-07-21-0065-1,2020-07-21,0065,S6,490,F, 계좌이체 ," 2,695,000 "
2020-07-22-0114-1,2020-07-22,0114,W2,11,F, 계좌이체 ," 825,000 "
2020-07-22-0146-1,2020-07-22,0146,S1,32,T, 카카오페이 ," 48,000 "
2020-07-23-0055-1,2020-07-23,0055,W4,472,F, 계좌이체 ," 236,000 "
2020-07-23-0078-1,2020-07-23,0078,C1,94,T, 신용카드 ," 2,350,000 "
2020-07-23-0081-1,2020-07-23,0081,S4,15,F, 신용카드 ," 525,000 "
2020-07-24-0022-1,2020-07-24,0022,S4,8,T, 카카오페이 ," 280,000 "
2020-07-25-0034-1,2020-07-25,0034,C1,84,F, 계좌이체 ," 2,100,000 "
2020-07-26-0198-1,2020-07-26,0198,W3,25,F, 카카오페이 ," 1,250,000 "
2020-07-26-0022-1,2020-07-26,0022,C2,60,T, 신용카드 ," 1,620,000 "
2020-07-26-0201-1,2020-07-26,0201,A1,189,T, 신용카드 ," 945,000 "
2020-07-26-0045-1,2020-07-26,0045,S2,25,T, 카카오페이 ," 250,000 "
2020-07-26-0105-1,2020-07-26,0105,W3,23,F, 신용카드 ," 1,150,000 "
2020-07-27-0197-1,2020-07-27,0197,A1,422,F, 신용카드 ," 2,110,000 "
2020-07-28-0193-1,2020-07-28,0193,W1,24,F, 신용카드 ," 1,440,000 "
2020-07-30-0079-1,2020-07-30,0079,C2,24,T, 신용카드 ," 648,000 "
2020-07-30-0193-1,2020-07-30,0193,S4,6,T, 신용카드 ," 210,000 "
2020-07-30-0197-1,2020-07-30,0197,S4,13,T, 카카오페이 ," 455,000 "
2020-07-31-0104-1,2020-07-31,0104,A2,15,F, 카카오페이 ," 180,000 "
2020-07-31-0041-1,2020-07-31,0041,A1,155,T, 계좌이체 ," 775,000 "
2020-07-31-0129-1,2020-07-31,0129,A2,52,F, 카카오페이 ," 624,000 "
2020-07-31-0083-1,2020-07-31,0083,S3,25,F, 계좌이체 ," 550,000 "
2020-07-31-0076-1,2020-07-31,0076,C1,29,F, 계좌이체 ," 725,000 "
2020-07-31-0190-1,2020-07-31,0190,A3,84,F, 신용카드 ," 1,428,000 "
2020-07-31-0144-1,2020-07-31,0144,W1,23,F, 신용카드 ," 1,380,000 "
2020-08-01-0148-1,2020-08-01,0148,A1,12,T, 계좌이체 ," 60,000 "
2020-08-01-0146-1,2020-08-01,0146,W2,1,F, 카카오페이 ," 75,000 "
2020-08-02-0072-1,2020-08-02,0072,S2,20,F, 카카오페이 ," 200,000 "
2020-08-02-0122-1,2020-08-02,0122,C1,70,T, 신용카드 ," 1,750,000 "
2020-08-02-0025-1,2020-08-02,0025,S5,8,T, 신용카드 ," 640,000 "
2020-08-02-0089-1,2020-08-02,0089,W5,279,F, 신용카드 ," 1,116,000 "
2020-08-02-0109-1,2020-08-02,0109,S3,22,F, 신용카드 ," 484,000 "
2020-08-02-0219-1,2020-08-02,0219,C1,60,T, 신용카드 ," 1,500,000 "
2020-08-03-0018-1,2020-08-03,0018,S6,349,F, 계좌이체 ," 1,919,500 "
2020-08-04-0152-1,2020-08-04,0152,S3,2,T, 신용카드 ," 44,000 "
2020-08-04-0180-1,2020-08-04,0180,S2,20,F, 계좌이체 ," 200,000 "
2020-08-04-0006-1,2020-08-04,0006,W5,208,F, 신용카드 ," 832,000 "
2020-08-04-0169-1,2020-08-04,0169,S4,9,F, 계좌이체 ," 315,000 "
2020-08-05-0122-1,2020-08-05,0122,S6,363,F, 신용카드 ," 1,996,500 "
2020-08-05-0177-1,2020-08-05,0177,A3,36,F, 신용카드 ," 612,000 "
2020-08-05-0154-1,2020-08-05,0154,W4,254,F, 신용카드 ," 127,000 "
2020-08-06-0079-1,2020-08-06,0079,S6,12,F, 계좌이체 ," 66,000 "
2020-08-06-0047-1,2020-08-06,0047,S1,98,T, 카카오페이 ," 147,000 "
2020-08-06-0180-1,2020-08-06,0180,W2,21,F, 계좌이체 ," 1,575,000 "
2020-08-09-0022-1,2020-08-09,0022,A1,261,T, 계좌이체 ," 1,305,000 "
2020-08-09-0147-1,2020-08-09,0147,S3,25,F, 신용카드 ," 550,000 "
2020-08-09-0179-1,2020-08-09,0179,S4,4,F, 신용카드 ," 140,000 "
2020-08-10-0067-1,2020-08-10,0067,S6,388,F, 신용카드 ," 2,134,000 "
2020-08-11-0139-1,2020-08-11,0139,S3,5,F, 신용카드 ," 110,000 "
2020-08-11-0155-1,2020-08-11,0155,W2,9,T, 신용카드 ," 675,000 "
2020-08-12-0136-1,2020-08-12,0136,W1,21,T, 신용카드 ," 1,260,000 "
2020-08-12-0112-1,2020-08-12,0112,S6,340,F, 카카오페이 ," 1,870,000 "
2020-08-13-0156-1,2020-08-13,0156,W2,12,T, 카카오페이 ," 900,000 "
2020-08-13-0038-1,2020-08-13,0038,A1,487,F, 신용카드 ," 2,435,000 "
2020-08-14-0085-1,2020-08-14,0085,S4,5,F, 신용카드 ," 175,000 "
2020-08-14-0104-1,2020-08-14,0104,W4,92,F, 계좌이체 ," 46,000 "
2020-08-14-0146-1,2020-08-14,0146,W1,24,F, 신용카드 ," 1,440,000 "
2020-08-15-0107-1,2020-08-15,0107,S3,25,F, 계좌이체 ," 550,000 "
2020-08-15-0005-1,2020-08-15,0005,S3,9,T, 계좌이체 ," 198,000 "
2020-08-15-0191-1,2020-08-15,0191,S4,12,F, 신용카드 ," 420,000 "
2020-08-15-0026-1,2020-08-15,0026,S4,7,F, 신용카드 ," 245,000 "
2020-08-17-0019-1,2020-08-17,0019,S2,3,F, 카카오페이 ," 30,000 "
2020-08-17-0212-1,2020-08-17,0212,W5,193,F, 카카오페이 ," 772,000 "
2020-08-17-0064-1,2020-08-17,0064,A4,58,F, 계좌이체 ," 290,000 "
2020-08-18-0147-1,2020-08-18,0147,W3,11,F, 계좌이체 ," 550,000 "
2020-08-19-0055-1,2020-08-19,0055,A2,11,F, 신용카드 ," 132,000 "
2020-08-19-0089-1,2020-08-19,0089,S5,24,F, 신용카드 ," 1,920,000 "
2020-08-21-0071-1,2020-08-21,0071,A3,7,F, 계좌이체 ," 119,000 "
2020-08-22-0197-1,2020-08-22,0197,A4,64,F, 계좌이체 ," 320,000 "
2020-08-22-0110-1,2020-08-22,0110,S3,16,F, 카카오페이 ," 352,000 "
2020-08-22-0056-1,2020-08-22,0056,W4,69,F, 신용카드 ," 34,500 "
2020-08-22-0180-1,2020-08-22,0180,W1,22,F, 신용카드 ," 1,320,000 "
2020-08-22-0128-1,2020-08-22,0128,A2,63,F, 카카오페이 ," 756,000 "
2020-08-23-0113-1,2020-08-23,0113,A2,47,F, 계좌이체 ," 564,000 "
2020-08-23-0038-1,2020-08-23,0038,S6,492,F, 신용카드 ," 2,706,000 "
2020-08-24-0157-1,2020-08-24,0157,W1,20,F, 신용카드 ," 1,200,000 "
2020-08-24-0198-1,2020-08-24,0198,S1,38,F, 카카오페이 ," 57,000 "
2020-08-24-0142-1,2020-08-24,0142,A2,47,F, 신용카드 ," 564,000 "
2020-08-24-0052-1,2020-08-24,0052,A1,332,T, 신용카드 ," 1,660,000 "
2020-08-25-0177-1,2020-08-25,0177,S4,12,F, 계좌이체 ," 420,000 "
2020-08-25-0008-1,2020-08-25,0008,A1,239,T, 신용카드 ," 1,195,000 "
2020-08-25-0225-1,2020-08-25,0225,W2,4,T, 카카오페이 ," 300,000 "
2020-08-25-0004-1,2020-08-25,0004,S5,23,T, 신용카드 ," 1,840,000 "
2020-08-25-0136-1,2020-08-25,0136,S2,7,F, 신용카드 ," 70,000 "
2020-08-26-0010-1,2020-08-26,0010,W4,201,F, 계좌이체 ," 100,500 "
2020-08-26-0039-1,2020-08-26,0039,A1,333,F, 계좌이체 ," 1,665,000 "
2020-08-27-0191-1,2020-08-27,0191,S6,206,F, 카카오페이 ," 1,133,000 "
2020-08-28-0028-1,2020-08-28,0028,A2,100,F, 계좌이체 ," 1,200,000 "
2020-08-28-0173-1,2020-08-28,0173,W5,79,F, 계좌이체 ," 316,000 "
2020-08-29-0090-1,2020-08-29,0090,A1,164,F, 신용카드 ," 820,000 "
2020-08-29-0198-1,2020-08-29,0198,S1,19,T, 신용카드 ," 28,500 "
2020-08-30-0134-1,2020-08-30,0134,W4,27,F, 신용카드 ," 13,500 "
2020-08-30-0212-1,2020-08-30,0212,S4,10,F, 계좌이체 ," 350,000 "
2020-08-30-0141-1,2020-08-30,0141,C1,98,T, 계좌이체 ," 2,450,000 "
2020-08-30-0155-1,2020-08-30,0155,A3,66,F, 신용카드 ," 1,122,000 "
2020-08-31-0019-1,2020-08-31,0019,A1,480,F, 신용카드 ," 2,400,000 "
2020-08-31-0213-1,2020-08-31,0213,A3,90,F, 계좌이체 ," 1,530,000 "
2020-09-01-0194-1,2020-09-01,0194,W1,10,T, 신용카드 ," 600,000 "
2020-09-01-0175-1,2020-09-01,0175,W3,3,F, 계좌이체 ," 150,000 "
2020-09-01-0118-1,2020-09-01,0118,A3,60,F, 신용카드 ," 1,020,000 "
2020-09-01-0011-1,2020-09-01,0011,W4,90,F, 신용카드 ," 45,000 "
2020-09-02-0137-1,2020-09-02,0137,A2,51,F, 계좌이체 ," 612,000 "
2020-09-02-0010-1,2020-09-02,0010,W4,325,F, 신용카드 ," 162,500 "
2020-09-02-0155-1,2020-09-02,0155,C1,85,F, 카카오페이 ," 2,125,000 "
2020-09-02-0243-1,2020-09-02,0243,C1,76,F, 계좌이체 ," 1,900,000 "
2020-09-03-0133-1,2020-09-03,0133,W2,25,F, 신용카드 ," 1,875,000 "
2020-09-03-0241-1,2020-09-03,0241,A2,15,F, 신용카드 ," 180,000 "
2020-09-03-0168-1,2020-09-03,0168,A4,83,F, 신용카드 ," 415,000 "
2020-09-03-0157-1,2020-09-03,0157,A1,197,F, 계좌이체 ," 985,000 "
2020-09-03-0022-1,2020-09-03,0022,W6,23,T, 신용카드 ," 1,035,000 "
2020-09-03-0160-1,2020-09-03,0160,S6,256,F, 신용카드 ," 1,408,000 "
2020-09-03-0118-1,2020-09-03,0118,S3,8,T, 신용카드 ," 176,000 "
2020-09-03-0040-1,2020-09-03,0040,A4,50,T, 계좌이체 ," 250,000 "
2020-09-04-0035-1,2020-09-04,0035,S4,20,F, 계좌이체 ," 700,000 "
2020-09-04-0109-1,2020-09-04,0109,W6,20,F, 계좌이체 ," 900,000 "
2020-09-04-0066-1,2020-09-04,0066,W6,17,T, 신용카드 ," 765,000 "
2020-09-04-0216-1,2020-09-04,0216,S3,23,T, 계좌이체 ," 506,000 "
2020-09-05-0130-1,2020-09-05,0130,C2,20,F, 신용카드 ," 540,000 "
2020-09-05-0196-1,2020-09-05,0196,S1,99,F, 계좌이체 ," 148,500 "
2020-09-05-0120-1,2020-09-05,0120,A3,75,F, 신용카드 ," 1,275,000 "
2020-09-06-0119-1,2020-09-06,0119,S3,22,F, 신용카드 ," 484,000 "
2020-09-06-0023-1,2020-09-06,0023,A3,50,F, 계좌이체 ," 850,000 "
2020-09-06-0165-1,2020-09-06,0165,S5,17,T, 신용카드 ," 1,360,000 "
2020-09-06-0241-1,2020-09-06,0241,S6,386,F, 신용카드 ," 2,123,000 "
2020-09-06-0044-1,2020-09-06,0044,S5,17,F, 신용카드 ," 1,360,000 "
2020-09-07-0196-1,2020-09-07,0196,S2,19,F, 계좌이체 ," 190,000 "
2020-09-07-0081-1,2020-09-07,0081,A3,26,F, 카카오페이 ," 442,000 "
2020-09-07-0048-1,2020-09-07,0048,W3,15,T, 카카오페이 ," 750,000 "
2020-09-08-0232-1,2020-09-08,0232,W1,22,F, 신용카드 ," 1,320,000 "
2020-09-08-0215-1,2020-09-08,0215,W1,10,T, 신용카드 ," 600,000 "
2020-09-08-0127-1,2020-09-08,0127,A4,79,F, 신용카드 ," 395,000 "
2020-09-08-0221-1,2020-09-08,0221,S6,479,F, 신용카드 ," 2,634,500 "
2020-09-08-0217-1,2020-09-08,0217,W2,1,T, 신용카드 ," 75,000 "
2020-09-08-0186-1,2020-09-08,0186,W5,336,F, 신용카드 ," 1,344,000 "
2020-09-08-0117-1,2020-09-08,0117,C2,48,F, 신용카드 ," 1,296,000 "
2020-09-09-0184-1,2020-09-09,0184,W5,147,F, 계좌이체 ," 588,000 "
2020-09-09-0195-1,2020-09-09,0195,A3,49,F, 신용카드 ," 833,000 "
2020-09-10-0176-1,2020-09-10,0176,W4,62,F, 계좌이체 ," 31,000 "
2020-09-10-0107-1,2020-09-10,0107,C1,61,F, 신용카드 ," 1,525,000 "
2020-09-10-0074-1,2020-09-10,0074,A1,288,F, 계좌이체 ," 1,440,000 "
2020-09-10-0217-1,2020-09-10,0217,A1,107,T, 계좌이체 ," 535,000 "
2020-09-11-0041-1,2020-09-11,0041,S5,16,T, 신용카드 ," 1,280,000 "
2020-09-11-0152-1,2020-09-11,0152,S2,23,T, 계좌이체 ," 230,000 "
2020-09-11-0105-1,2020-09-11,0105,A1,166,T, 신용카드 ," 830,000 "
2020-09-11-0025-1,2020-09-11,0025,W1,7,F, 신용카드 ," 420,000 "
2020-09-11-0125-1,2020-09-11,0125,A3,63,F, 계좌이체 ," 1,071,000 "
2020-09-12-0029-1,2020-09-12,0029,C2,17,T, 계좌이체 ," 459,000 "
2020-09-12-0202-1,2020-09-12,0202,W4,41,F, 계좌이체 ," 20,500 "
2020-09-12-0207-1,2020-09-12,0207,S4,3,F, 계좌이체 ," 105,000 "
2020-09-12-0239-1,2020-09-12,0239,S3,17,F, 계좌이체 ," 374,000 "
2020-09-12-0195-1,2020-09-12,0195,W2,24,T, 신용카드 ," 1,800,000 "
2020-09-12-0093-1,2020-09-12,0093,W4,234,F, 신용카드 ," 117,000 "
2020-09-12-0002-1,2020-09-12,0002,W2,2,F, 카카오페이 ," 150,000 "
2020-09-12-0103-1,2020-09-12,0103,A1,407,F, 계좌이체 ," 2,035,000 "
2020-09-13-0144-1,2020-09-13,0144,A2,54,F, 신용카드 ," 648,000 "
2020-09-13-0091-1,2020-09-13,0091,S4,25,T, 계좌이체 ," 875,000 "
2020-09-13-0029-1,2020-09-13,0029,W3,15,F, 신용카드 ," 750,000 "
2020-09-13-0108-1,2020-09-13,0108,W1,7,F, 신용카드 ," 420,000 "
2020-09-14-0233-1,2020-09-14,0233,C2,57,F, 계좌이체 ," 1,539,000 "
2020-09-14-0079-1,2020-09-14,0079,C1,59,F, 신용카드 ," 1,475,000 "
2020-09-14-0155-1,2020-09-14,0155,W2,13,F, 신용카드 ," 975,000 "
2020-09-14-0229-1,2020-09-14,0229,C2,71,F, 계좌이체 ," 1,917,000 "
2020-09-15-0112-1,2020-09-15,0112,W1,24,F, 신용카드 ," 1,440,000 "
2020-09-15-0047-1,2020-09-15,0047,W2,18,T, 계좌이체 ," 1,350,000 "
2020-09-15-0071-1,2020-09-15,0071,S6,31,F, 신용카드 ," 170,500 "
2020-09-16-0198-1,2020-09-16,0198,S6,130,F, 계좌이체 ," 715,000 "
2020-09-16-0220-1,2020-09-16,0220,S5,7,T, 신용카드 ," 560,000 "
2020-09-16-0081-1,2020-09-16,0081,W4,354,F, 신용카드 ," 177,000 "
2020-09-16-0100-1,2020-09-16,0100,W5,369,F, 신용카드 ," 1,476,000 "
2020-09-17-0214-1,2020-09-17,0214,S4,6,F, 계좌이체 ," 210,000 "
2020-09-17-0224-1,2020-09-17,0224,C1,27,F, 신용카드 ," 675,000 "
2020-09-17-0098-1,2020-09-17,0098,A1,143,T, 신용카드 ," 715,000 "
2020-09-17-0179-1,2020-09-17,0179,S6,480,F, 계좌이체 ," 2,640,000 "
2020-09-17-0010-1,2020-09-17,0010,S2,14,T, 신용카드 ," 140,000 "
2020-09-17-0229-1,2020-09-17,0229,S1,24,T, 신용카드 ," 36,000 "
2020-09-18-0083-1,2020-09-18,0083,C2,6,T, 신용카드 ," 162,000 "
2020-09-18-0212-1,2020-09-18,0212,S1,60,F, 신용카드 ," 90,000 "
2020-09-18-0244-1,2020-09-18,0244,A4,89,T, 신용카드 ," 445,000 "
2020-09-18-0027-1,2020-09-18,0027,S6,306,F, 신용카드 ," 1,683,000 "
2020-09-19-0118-1,2020-09-19,0118,A2,50,F, 카카오페이 ," 600,000 "
2020-09-19-0137-1,2020-09-19,0137,W2,1,T, 신용카드 ," 75,000 "
2020-09-19-0114-1,2020-09-19,0114,C1,67,F, 계좌이체 ," 1,675,000 "
2020-09-19-0129-1,2020-09-19,0129,A2,5,F, 신용카드 ," 60,000 "
2020-09-20-0048-1,2020-09-20,0048,S1,5,T, 계좌이체 ," 7,500 "
2020-09-20-0079-1,2020-09-20,0079,C1,1,T, 계좌이체 ," 25,000 "
2020-09-21-0226-1,2020-09-21,0226,C2,100,T, 신용카드 ," 2,700,000 "
2020-09-21-0020-1,2020-09-21,0020,W6,12,T, 계좌이체 ," 540,000 "
2020-09-21-0188-1,2020-09-21,0188,S5,5,T, 계좌이체 ," 400,000 "
2020-09-21-0152-1,2020-09-21,0152,S3,19,F, 신용카드 ," 418,000 "
2020-09-21-0242-1,2020-09-21,0242,S1,84,F, 신용카드 ," 126,000 "
2020-09-21-0229-1,2020-09-21,0229,S5,11,T, 카카오페이 ," 880,000 "
2020-09-22-0147-1,2020-09-22,0147,A4,47,T, 카카오페이 ," 235,000 "
2020-09-22-0079-1,2020-09-22,0079,S2,14,T, 신용카드 ," 140,000 "
2020-09-22-0112-1,2020-09-22,0112,W2,1,F, 계좌이체 ," 75,000 "
2020-09-22-0066-1,2020-09-22,0066,C1,72,T, 신용카드 ," 1,800,000 "
2020-09-22-0133-1,2020-09-22,0133,A1,225,F, 계좌이체 ," 1,125,000 "
2020-09-22-0088-1,2020-09-22,0088,S2,7,F, 신용카드 ," 70,000 "
2020-09-22-0068-1,2020-09-22,0068,A3,50,F, 계좌이체 ," 850,000 "
2020-09-23-0181-1,2020-09-23,0181,A3,58,F, 계좌이체 ," 986,000 "
2020-09-23-0156-1,2020-09-23,0156,A4,60,F, 계좌이체 ," 300,000 "
2020-09-23-0042-1,2020-09-23,0042,A2,8,F, 계좌이체 ," 96,000 "
2020-09-23-0067-1,2020-09-23,0067,W1,8,F, 계좌이체 ," 480,000 "
2020-09-23-0066-1,2020-09-23,0066,C1,91,F, 신용카드 ," 2,275,000 "
2020-09-24-0205-1,2020-09-24,0205,S5,6,F, 신용카드 ," 480,000 "
2020-09-24-0172-1,2020-09-24,0172,S4,15,F, 카카오페이 ," 525,000 "
2020-09-24-0045-1,2020-09-24,0045,A3,13,F, 신용카드 ," 221,000 "
2020-09-24-0240-1,2020-09-24,0240,W4,200,F, 계좌이체 ," 100,000 "
2020-09-24-0217-1,2020-09-24,0217,A4,38,F, 카카오페이 ," 190,000 "
2020-09-24-0211-1,2020-09-24,0211,S1,33,T, 신용카드 ," 49,500 "
2020-09-24-0131-1,2020-09-24,0131,S4,20,F, 카카오페이 ," 700,000 "
2020-09-25-0200-1,2020-09-25,0200,C1,33,F, 계좌이체 ," 825,000 "
2020-09-25-0235-1,2020-09-25,0235,S5,16,F, 신용카드 ," 1,280,000 "
2020-09-25-0244-1,2020-09-25,0244,S2,4,F, 계좌이체 ," 40,000 "
2020-09-26-0128-1,2020-09-26,0128,A1,338,T, 신용카드 ," 1,690,000 "
2020-09-26-0203-1,2020-09-26,0203,S4,16,T, 계좌이체 ," 560,000 "
2020-09-26-0133-1,2020-09-26,0133,A2,84,F, 신용카드 ," 1,008,000 "
2020-09-26-0077-1,2020-09-26,0077,S6,264,F, 신용카드 ," 1,452,000 "
2020-09-26-0137-1,2020-09-26,0137,W4,267,F, 신용카드 ," 133,500 "
2020-09-26-0239-1,2020-09-26,0239,C1,59,T, 계좌이체 ," 1,475,000 "
2020-09-27-0145-1,2020-09-27,0145,S6,423,F, 신용카드 ," 2,326,500 "
2020-09-27-0077-1,2020-09-27,0077,S6,322,F, 신용카드 ," 1,771,000 "
2020-09-27-0020-1,2020-09-27,0020,C1,48,F, 신용카드 ," 1,200,000 "
2020-09-28-0076-1,2020-09-28,0076,S1,36,T, 신용카드 ," 54,000 "
2020-09-28-0094-1,2020-09-28,0094,A2,12,F, 신용카드 ," 144,000 "
2020-09-28-0112-1,2020-09-28,0112,W3,5,T, 계좌이체 ," 250,000 "
2020-09-28-0030-1,2020-09-28,0030,S1,4,T, 신용카드 ," 6,000 "
2020-09-28-0072-1,2020-09-28,0072,S3,20,F, 신용카드 ," 440,000 "
2020-09-28-0156-1,2020-09-28,0156,S3,11,F, 계좌이체 ," 242,000 "
2020-09-28-0155-1,2020-09-28,0155,W2,11,T, 계좌이체 ," 825,000 "
2020-09-29-0123-1,2020-09-29,0123,W1,2,F, 계좌이체 ," 120,000 "
2020-09-29-0214-1,2020-09-29,0214,C2,72,T, 신용카드 ," 1,944,000 "
2020-09-29-0057-1,2020-09-29,0057,A2,91,F, 신용카드 ," 1,092,000 "
2020-09-29-0141-1,2020-09-29,0141,W5,277,F, 계좌이체 ," 1,108,000 "
2020-09-29-0109-1,2020-09-29,0109,S6,151,F, 계좌이체 ," 830,500 "
2020-09-30-0204-1,2020-09-30,0204,W2,15,T, 계좌이체 ," 1,125,000 "
2020-09-30-0146-1,2020-09-30,0146,W4,199,F, 신용카드 ," 99,500 "
2020-09-30-0049-1,2020-09-30,0049,A4,50,T, 계좌이체 ," 250,000 "
2020-09-30-0139-1,2020-09-30,0139,W2,7,T, 신용카드 ," 525,000 "
2020-09-30-0045-1,2020-09-30,0045,C1,82,T, 신용카드 ," 2,050,000 "
2020-10-03-0191-1,2020-10-03,0191,W4,266,F, 신용카드 ," 133,000 "
2020-10-03-0059-1,2020-10-03,0059,S3,24,T, 신용카드 ," 528,000 "
2020-10-03-0071-1,2020-10-03,0071,S2,2,T, 카카오페이 ," 20,000 "
2020-10-03-0057-1,2020-10-03,0057,S2,22,F, 계좌이체 ," 220,000 "
2020-10-04-0213-1,2020-10-04,0213,A4,78,T, 신용카드 ," 390,000 "
2020-10-04-0098-1,2020-10-04,0098,C2,54,F, 신용카드 ," 1,458,000 "
2020-10-05-0115-1,2020-10-05,0115,W1,7,T, 신용카드 ," 420,000 "
2020-10-05-0057-1,2020-10-05,0057,A2,26,F, 신용카드 ," 312,000 "
2020-10-05-0204-1,2020-10-05,0204,S4,20,F, 카카오페이 ," 700,000 "
2020-10-05-0208-1,2020-10-05,0208,S4,19,F, 계좌이체 ," 665,000 "
2020-10-05-0073-1,2020-10-05,0073,W6,1,F, 신용카드 ," 45,000 "
2020-10-05-0009-1,2020-10-05,0009,S6,256,F, 신용카드 ," 1,408,000 "
2020-10-05-0121-1,2020-10-05,0121,A1,276,T, 신용카드 ," 1,380,000 "
2020-10-05-0141-1,2020-10-05,0141,W1,6,F, 신용카드 ," 360,000 "
2020-10-06-0179-1,2020-10-06,0179,A4,19,T, 계좌이체 ," 95,000 "
2020-10-06-0214-1,2020-10-06,0214,W3,12,F, 카카오페이 ," 600,000 "
2020-10-06-0227-1,2020-10-06,0227,W2,20,F, 신용카드 ," 1,500,000 "
2020-10-06-0071-1,2020-10-06,0071,W6,1,T, 계좌이체 ," 45,000 "
2020-10-08-0251-1,2020-10-08,0251,S5,11,T, 신용카드 ," 880,000 "
2020-10-08-0056-1,2020-10-08,0056,C1,99,T, 신용카드 ," 2,475,000 "
2020-10-08-0162-1,2020-10-08,0162,W2,9,F, 계좌이체 ," 675,000 "
2020-10-09-0170-1,2020-10-09,0170,S1,54,T, 신용카드 ," 81,000 "
2020-10-09-0025-1,2020-10-09,0025,S6,95,F, 계좌이체 ," 522,500 "
2020-10-09-0051-1,2020-10-09,0051,C1,39,F, 신용카드 ," 975,000 "
2020-10-09-0126-1,2020-10-09,0126,W2,14,F, 신용카드 ," 1,050,000 "
2020-10-09-0074-1,2020-10-09,0074,S1,64,F, 신용카드 ," 96,000 "
2020-10-09-0132-1,2020-10-09,0132,W4,22,F, 계좌이체 ," 11,000 "
2020-10-09-0072-1,2020-10-09,0072,S1,97,F, 카카오페이 ," 145,500 "
2020-10-09-0043-1,2020-10-09,0043,A3,87,F, 신용카드 ," 1,479,000 "
2020-10-09-0239-1,2020-10-09,0239,W6,8,F, 계좌이체 ," 360,000 "
2020-10-09-0232-1,2020-10-09,0232,C2,83,F, 계좌이체 ," 2,241,000 "
2020-10-09-0121-1,2020-10-09,0121,W1,11,T, 신용카드 ," 660,000 "
2020-10-10-0117-1,2020-10-10,0117,W3,2,T, 계좌이체 ," 100,000 "
2020-10-11-0250-1,2020-10-11,0250,C2,32,T, 카카오페이 ," 864,000 "
2020-10-12-0113-1,2020-10-12,0113,A2,58,F, 신용카드 ," 696,000 "
2020-10-13-0132-1,2020-10-13,0132,C1,72,F, 신용카드 ," 1,800,000 "
2020-10-13-0014-1,2020-10-13,0014,S6,329,F, 계좌이체 ," 1,809,500 "
2020-10-13-0253-1,2020-10-13,0253,W1,3,T, 계좌이체 ," 180,000 "
2020-10-14-0197-1,2020-10-14,0197,S1,67,T, 계좌이체 ," 100,500 "
2020-10-15-0194-1,2020-10-15,0194,W3,7,T, 카카오페이 ," 350,000 "
2020-10-17-0158-1,2020-10-17,0158,S6,276,F, 신용카드 ," 1,518,000 "
2020-10-17-0140-1,2020-10-17,0140,W5,478,F, 신용카드 ," 1,912,000 "
2020-10-17-0180-1,2020-10-17,0180,W5,304,F, 신용카드 ," 1,216,000 "
2020-10-18-0193-1,2020-10-18,0193,W5,176,F, 신용카드 ," 704,000 "
2020-10-18-0091-1,2020-10-18,0091,W6,24,F, 신용카드 ," 1,080,000 "
2020-10-19-0049-1,2020-10-19,0049,A1,246,F, 계좌이체 ," 1,230,000 "
2020-10-20-0043-1,2020-10-20,0043,S1,91,F, 계좌이체 ," 136,500 "
2020-10-20-0065-1,2020-10-20,0065,A3,91,F, 신용카드 ," 1,547,000 "
2020-10-20-0007-1,2020-10-20,0007,W1,15,T, 계좌이체 ," 900,000 "
2020-10-20-0174-1,2020-10-20,0174,A2,23,F, 계좌이체 ," 276,000 "
2020-10-21-0185-1,2020-10-21,0185,S5,11,F, 신용카드 ," 880,000 "
2020-10-21-0048-1,2020-10-21,0048,C2,60,T, 신용카드 ," 1,620,000 "
2020-10-21-0158-1,2020-10-21,0158,W3,9,F, 계좌이체 ," 450,000 "
2020-10-22-0078-1,2020-10-22,0078,S6,17,F, 카카오페이 ," 93,500 "
2020-10-22-0225-1,2020-10-22,0225,S5,20,T, 신용카드 ," 1,600,000 "
2020-10-22-0146-1,2020-10-22,0146,S3,6,T, 신용카드 ," 132,000 "
2020-10-22-0060-1,2020-10-22,0060,W4,285,F, 신용카드 ," 142,500 "
2020-10-23-0191-1,2020-10-23,0191,W2,20,T, 신용카드 ," 1,500,000 "
2020-10-23-0177-1,2020-10-23,0177,A4,95,T, 계좌이체 ," 475,000 "
2020-10-23-0181-1,2020-10-23,0181,A2,13,F, 계좌이체 ," 156,000 "
2020-10-24-0194-1,2020-10-24,0194,W1,12,F, 계좌이체 ," 720,000 "
2020-10-24-0046-1,2020-10-24,0046,S3,25,F, 계좌이체 ," 550,000 "
2020-10-25-0069-1,2020-10-25,0069,W6,1,F, 계좌이체 ," 45,000 "
2020-10-25-0131-1,2020-10-25,0131,S3,18,T, 신용카드 ," 396,000 "
2020-10-25-0144-1,2020-10-25,0144,S4,16,F, 계좌이체 ," 560,000 "
2020-10-26-0168-1,2020-10-26,0168,A2,68,F, 신용카드 ," 816,000 "
2020-10-27-0131-1,2020-10-27,0131,S5,17,F, 신용카드 ," 1,360,000 "
2020-10-28-0041-1,2020-10-28,0041,S2,3,F, 신용카드 ," 30,000 "
2020-10-28-0118-1,2020-10-28,0118,W3,10,F, 카카오페이 ," 500,000 "
2020-10-29-0089-1,2020-10-29,0089,A1,295,T, 신용카드 ," 1,475,000 "
2020-10-30-0250-1,2020-10-30,0250,A3,56,F, 계좌이체 ," 952,000 "
2020-10-31-0130-1,2020-10-31,0130,S3,9,F, 신용카드 ," 198,000 "
2020-10-31-0025-1,2020-10-31,0025,A4,3,F, 신용카드 ," 15,000 "
2020-10-31-0087-1,2020-10-31,0087,W3,25,T, 신용카드 ," 1,250,000 "
2020-11-01-0145-1,2020-11-01,0145,S1,93,F, 계좌이체 ," 139,500 "
2020-11-01-0002-1,2020-11-01,0002,S6,23,F, 신용카드 ," 126,500 "
2020-11-01-0092-1,2020-11-01,0092,S2,4,T, 계좌이체 ," 40,000 "
2020-11-01-0244-1,2020-11-01,0244,W5,474,F, 계좌이체 ," 1,896,000 "
2020-11-02-0106-1,2020-11-02,0106,W4,38,F, 계좌이체 ," 19,000 "
2020-11-02-0151-1,2020-11-02,0151,S3,8,F, 신용카드 ," 176,000 "
2020-11-02-0250-1,2020-11-02,0250,W3,6,T, 카카오페이 ," 300,000 "
2020-11-02-0099-1,2020-11-02,0099,S5,11,T, 신용카드 ," 880,000 "
2020-11-02-0241-1,2020-11-02,0241,S1,77,T, 카카오페이 ," 115,500 "
2020-11-03-0266-1,2020-11-03,0266,A1,161,T, 계좌이체 ," 805,000 "
2020-11-03-0063-1,2020-11-03,0063,W4,196,F, 계좌이체 ," 98,000 "
2020-11-04-0032-1,2020-11-04,0032,A3,52,F, 계좌이체 ," 884,000 "
2020-11-04-0183-1,2020-11-04,0183,S5,2,F, 계좌이체 ," 160,000 "
2020-11-04-0135-1,2020-11-04,0135,W2,22,F, 계좌이체 ," 1,650,000 "
2020-11-04-0005-1,2020-11-04,0005,A2,76,F, 신용카드 ," 912,000 "
2020-11-04-0101-1,2020-11-04,0101,S4,16,F, 신용카드 ," 560,000 "
2020-11-05-0237-1,2020-11-05,0237,S6,309,F, 카카오페이 ," 1,699,500 "
2020-11-05-0101-1,2020-11-05,0101,S1,85,F, 신용카드 ," 127,500 "
2020-11-05-0194-1,2020-11-05,0194,S3,18,T, 신용카드 ," 396,000 "
2020-11-05-0089-1,2020-11-05,0089,W4,73,F, 계좌이체 ," 36,500 "
2020-11-06-0202-1,2020-11-06,0202,S4,2,F, 계좌이체 ," 70,000 "
2020-11-06-0077-1,2020-11-06,0077,W2,23,T, 계좌이체 ," 1,725,000 "
2020-11-06-0157-1,2020-11-06,0157,W6,9,T, 신용카드 ," 405,000 "
2020-11-06-0207-1,2020-11-06,0207,S5,5,F, 계좌이체 ," 400,000 "
2020-11-06-0079-1,2020-11-06,0079,A3,74,F, 신용카드 ," 1,258,000 "
2020-11-06-0062-1,2020-11-06,0062,W6,16,F, 신용카드 ," 720,000 "
2020-11-06-0123-1,2020-11-06,0123,W5,96,F, 계좌이체 ," 384,000 "
2020-11-06-0193-1,2020-11-06,0193,W1,9,F, 신용카드 ," 540,000 "
2020-11-06-0206-1,2020-11-06,0206,W6,24,T, 계좌이체 ," 1,080,000 "
2020-11-06-0199-1,2020-11-06,0199,A2,87,F, 계좌이체 ," 1,044,000 "
2020-11-07-0028-1,2020-11-07,0028,W2,10,F, 계좌이체 ," 750,000 "
2020-11-07-0002-1,2020-11-07,0002,W6,20,F, 카카오페이 ," 900,000 "
2020-11-07-0006-1,2020-11-07,0006,W4,135,F, 신용카드 ," 67,500 "
2020-11-07-0116-1,2020-11-07,0116,S5,12,F, 카카오페이 ," 960,000 "
2020-11-07-0115-1,2020-11-07,0115,A3,73,F, 신용카드 ," 1,241,000 "
2020-11-07-0046-1,2020-11-07,0046,A3,86,F, 신용카드 ," 1,462,000 "
2020-11-07-0158-1,2020-11-07,0158,W3,23,F, 신용카드 ," 1,150,000 "
2020-11-07-0229-1,2020-11-07,0229,C2,31,T, 신용카드 ," 837,000 "
2020-11-08-0048-1,2020-11-08,0048,C2,29,T, 신용카드 ," 783,000 "
2020-11-08-0179-1,2020-11-08,0179,C1,69,F, 신용카드 ," 1,725,000 "
2020-11-08-0208-1,2020-11-08,0208,W6,20,F, 계좌이체 ," 900,000 "
2020-11-08-0194-1,2020-11-08,0194,S4,12,T, 신용카드 ," 420,000 "
2020-11-09-0200-1,2020-11-09,0200,S5,2,T, 계좌이체 ," 160,000 "
2020-11-09-0191-1,2020-11-09,0191,A2,29,F, 카카오페이 ," 348,000 "
2020-11-09-0221-1,2020-11-09,0221,A2,46,F, 카카오페이 ," 552,000 "
2020-11-09-0270-1,2020-11-09,0270,S4,9,T, 신용카드 ," 315,000 "
2020-11-09-0245-1,2020-11-09,0245,C1,83,F, 신용카드 ," 2,075,000 "
2020-11-09-0220-1,2020-11-09,0220,W4,394,F, 신용카드 ," 197,000 "
2020-11-09-0130-1,2020-11-09,0130,S5,20,F, 신용카드 ," 1,600,000 "
2020-11-10-0146-1,2020-11-10,0146,W5,449,F, 신용카드 ," 1,796,000 "
2020-11-10-0110-1,2020-11-10,0110,A4,29,F, 계좌이체 ," 145,000 "
2020-11-10-0172-1,2020-11-10,0172,W3,20,T, 신용카드 ," 1,000,000 "
2020-11-11-0051-1,2020-11-11,0051,S1,20,T, 신용카드 ," 30,000 "
2020-11-11-0101-1,2020-11-11,0101,W4,403,F, 신용카드 ," 201,500 "
2020-11-11-0036-1,2020-11-11,0036,C2,97,T, 신용카드 ," 2,619,000 "
2020-11-11-0196-1,2020-11-11,0196,A3,34,F, 카카오페이 ," 578,000 "
2020-11-11-0171-1,2020-11-11,0171,S5,20,T, 계좌이체 ," 1,600,000 "
2020-11-11-0006-1,2020-11-11,0006,S6,332,F, 신용카드 ," 1,826,000 "
2020-11-12-0122-1,2020-11-12,0122,W1,9,T, 신용카드 ," 540,000 "
2020-11-12-0011-1,2020-11-12,0011,A3,57,F, 신용카드 ," 969,000 "
2020-11-13-0128-1,2020-11-13,0128,S5,3,F, 계좌이체 ," 240,000 "
2020-11-14-0244-1,2020-11-14,0244,S3,12,F, 신용카드 ," 264,000 "
2020-11-14-0235-1,2020-11-14,0235,W6,5,F, 신용카드 ," 225,000 "
2020-11-14-0007-1,2020-11-14,0007,A4,57,T, 카카오페이 ," 285,000 "
2020-11-14-0224-1,2020-11-14,0224,W6,15,F, 신용카드 ," 675,000 "
2020-11-14-0198-1,2020-11-14,0198,S4,7,T, 신용카드 ," 245,000 "
2020-11-14-0151-1,2020-11-14,0151,S4,22,T, 계좌이체 ," 770,000 "
2020-11-14-0231-1,2020-11-14,0231,S1,31,F, 카카오페이 ," 46,500 "
2020-11-15-0093-1,2020-11-15,0093,C2,81,T, 신용카드 ," 2,187,000 "
2020-11-15-0236-1,2020-11-15,0236,S6,193,F, 계좌이체 ," 1,061,500 "
2020-11-15-0018-1,2020-11-15,0018,S4,6,F, 계좌이체 ," 210,000 "
2020-11-15-0239-1,2020-11-15,0239,S2,3,T, 신용카드 ," 30,000 "
2020-11-15-0104-1,2020-11-15,0104,C2,25,T, 계좌이체 ," 675,000 "
2020-11-16-0142-1,2020-11-16,0142,W6,22,F, 신용카드 ," 990,000 "
2020-11-16-0094-1,2020-11-16,0094,W6,11,T, 계좌이체 ," 495,000 "
2020-11-16-0132-1,2020-11-16,0132,S2,21,T, 신용카드 ," 210,000 "
2020-11-16-0266-1,2020-11-16,0266,A3,76,F, 신용카드 ," 1,292,000 "
2020-11-17-0076-1,2020-11-17,0076,W2,20,F, 신용카드 ," 1,500,000 "
2020-11-17-0067-1,2020-11-17,0067,W4,163,F, 계좌이체 ," 81,500 "
2020-11-17-0270-1,2020-11-17,0270,C2,35,F, 신용카드 ," 945,000 "
2020-11-18-0078-1,2020-11-18,0078,W5,300,F, 계좌이체 ," 1,200,000 "
2020-11-18-0015-1,2020-11-18,0015,A1,66,T, 계좌이체 ," 330,000 "
2020-11-18-0004-1,2020-11-18,0004,W4,328,F, 카카오페이 ," 164,000 "
2020-11-18-0070-1,2020-11-18,0070,A1,50,T, 계좌이체 ," 250,000 "
2020-11-18-0018-1,2020-11-18,0018,S1,51,F, 신용카드 ," 76,500 "
2020-11-18-0104-1,2020-11-18,0104,S3,8,F, 카카오페이 ," 176,000 "
2020-11-18-0119-1,2020-11-18,0119,A3,72,F, 신용카드 ," 1,224,000 "
2020-11-19-0160-1,2020-11-19,0160,S4,23,F, 신용카드 ," 805,000 "
2020-11-19-0233-1,2020-11-19,0233,A2,72,F, 계좌이체 ," 864,000 "
2020-11-19-0105-1,2020-11-19,0105,C2,72,T, 계좌이체 ," 1,944,000 "
2020-11-19-0145-1,2020-11-19,0145,A3,31,F, 신용카드 ," 527,000 "
2020-11-19-0213-1,2020-11-19,0213,W2,12,F, 계좌이체 ," 900,000 "
2020-11-20-0096-1,2020-11-20,0096,S3,4,F, 계좌이체 ," 88,000 "
2020-11-20-0198-1,2020-11-20,0198,S4,9,T, 계좌이체 ," 315,000 "
2020-11-20-0148-1,2020-11-20,0148,S3,4,T, 계좌이체 ," 88,000 "
2020-11-20-0105-1,2020-11-20,0105,A1,344,T, 카카오페이 ," 1,720,000 "
2020-11-20-0098-1,2020-11-20,0098,S5,13,F, 신용카드 ," 1,040,000 "
2020-11-21-0214-1,2020-11-21,0214,W5,408,F, 신용카드 ," 1,632,000 "
2020-11-21-0264-1,2020-11-21,0264,A1,196,F, 신용카드 ," 980,000 "
2020-11-21-0151-1,2020-11-21,0151,A2,77,F, 계좌이체 ," 924,000 "
2020-11-21-0077-1,2020-11-21,0077,W3,11,F, 신용카드 ," 550,000 "
2020-11-22-0048-1,2020-11-22,0048,A3,75,F, 신용카드 ," 1,275,000 "
2020-11-22-0073-1,2020-11-22,0073,S5,6,T, 신용카드 ," 480,000 "
2020-11-22-0046-1,2020-11-22,0046,S2,1,T, 계좌이체 ," 10,000 "
2020-11-22-0147-1,2020-11-22,0147,W5,119,F, 카카오페이 ," 476,000 "
2020-11-23-0125-1,2020-11-23,0125,W5,338,F, 신용카드 ," 1,352,000 "
2020-11-23-0226-1,2020-11-23,0226,W2,6,T, 카카오페이 ," 450,000 "
2020-11-24-0003-1,2020-11-24,0003,A1,197,T, 카카오페이 ," 985,000 "
2020-11-24-0123-1,2020-11-24,0123,S2,18,F, 신용카드 ," 180,000 "
2020-11-24-0198-1,2020-11-24,0198,C1,86,F, 신용카드 ," 2,150,000 "
2020-11-24-0134-1,2020-11-24,0134,C1,69,F, 신용카드 ," 1,725,000 "
2020-11-24-0230-1,2020-11-24,0230,A3,39,F, 신용카드 ," 663,000 "
2020-11-24-0003-2,2020-11-24,0003,W4,212,F, 신용카드 ," 106,000 "
2020-11-25-0178-1,2020-11-25,0178,W2,12,F, 신용카드 ," 900,000 "
2020-11-25-0142-1,2020-11-25,0142,A2,39,F, 계좌이체 ," 468,000 "
2020-11-25-0243-1,2020-11-25,0243,W4,62,F, 신용카드 ," 31,000 "
2020-11-25-0150-1,2020-11-25,0150,A1,467,F, 신용카드 ," 2,335,000 "
2020-11-25-0096-1,2020-11-25,0096,S3,23,F, 계좌이체 ," 506,000 "
2020-11-25-0068-1,2020-11-25,0068,S3,20,T, 신용카드 ," 440,000 "
2020-11-26-0259-1,2020-11-26,0259,W1,24,T, 계좌이체 ," 1,440,000 "
2020-11-26-0018-1,2020-11-26,0018,A4,37,F, 신용카드 ," 185,000 "
2020-11-26-0004-1,2020-11-26,0004,W6,13,T, 계좌이체 ," 585,000 "
2020-11-26-0263-1,2020-11-26,0263,S2,23,F, 신용카드 ," 230,000 "
2020-11-26-0117-1,2020-11-26,0117,A4,13,F, 카카오페이 ," 65,000 "
2020-11-27-0119-1,2020-11-27,0119,A1,312,F, 신용카드 ," 1,560,000 "
2020-11-27-0019-1,2020-11-27,0019,A4,72,T, 신용카드 ," 360,000 "
2020-11-27-0227-1,2020-11-27,0227,W6,7,T, 신용카드 ," 315,000 "
2020-11-27-0174-1,2020-11-27,0174,S5,18,F, 신용카드 ," 1,440,000 "
2020-11-27-0241-1,2020-11-27,0241,W6,7,F, 계좌이체 ," 315,000 "
2020-11-28-0255-1,2020-11-28,0255,S2,9,F, 신용카드 ," 90,000 "
2020-11-28-0031-1,2020-11-28,0031,A3,30,F, 계좌이체 ," 510,000 "
2020-11-28-0146-1,2020-11-28,0146,W4,13,F, 신용카드 ," 6,500 "
2020-11-29-0214-1,2020-11-29,0214,C2,87,T, 계좌이체 ," 2,349,000 "
2020-11-29-0087-1,2020-11-29,0087,W4,457,F, 신용카드 ," 228,500 "
2020-11-29-0234-1,2020-11-29,0234,W5,481,F, 신용카드 ," 1,924,000 "
2020-11-30-0168-1,2020-11-30,0168,W2,24,T, 계좌이체 ," 1,800,000 "
2020-11-30-0184-1,2020-11-30,0184,W1,13,F, 카카오페이 ," 780,000 "
2020-11-30-0206-1,2020-11-30,0206,W2,5,T, 계좌이체 ," 375,000 "
2020-11-30-0035-1,2020-11-30,0035,C1,95,T, 카카오페이 ," 2,375,000 "
2020-11-30-0112-1,2020-11-30,0112,A1,131,F, 신용카드 ," 655,000 "
2020-12-01-0161-1,2020-12-01,0161,S4,1,T, 계좌이체 ," 35,000 "
2020-12-01-0041-1,2020-12-01,0041,W1,24,T, 신용카드 ," 1,440,000 "
2020-12-01-0270-1,2020-12-01,0270,C2,45,T, 계좌이체 ," 1,215,000 "
2020-12-01-0043-1,2020-12-01,0043,S2,8,F, 신용카드 ," 80,000 "
2020-12-01-0149-1,2020-12-01,0149,C1,55,T, 신용카드 ," 1,375,000 "
2020-12-02-0071-1,2020-12-02,0071,A1,280,T, 계좌이체 ," 1,400,000 "
2020-12-02-0038-1,2020-12-02,0038,A2,32,F, 카카오페이 ," 384,000 "
2020-12-02-0138-1,2020-12-02,0138,W6,10,T, 계좌이체 ," 450,000 "
2020-12-02-0202-1,2020-12-02,0202,A1,347,F, 신용카드 ," 1,735,000 "
2020-12-02-0271-1,2020-12-02,0271,A3,77,F, 신용카드 ," 1,309,000 "
2020-12-02-0156-1,2020-12-02,0156,S5,20,F, 신용카드 ," 1,600,000 "
2020-12-02-0056-1,2020-12-02,0056,S3,8,F, 카카오페이 ," 176,000 "
2020-12-03-0027-1,2020-12-03,0027,W5,337,F, 계좌이체 ," 1,348,000 "
2020-12-04-0071-1,2020-12-04,0071,W1,15,F, 신용카드 ," 900,000 "
2020-12-04-0110-1,2020-12-04,0110,C2,59,F, 신용카드 ," 1,593,000 "
2020-12-04-0023-1,2020-12-04,0023,S4,6,T, 계좌이체 ," 210,000 "
2020-12-04-0050-1,2020-12-04,0050,S2,3,T, 신용카드 ," 30,000 "
2020-12-05-0023-1,2020-12-05,0023,W1,16,F, 계좌이체 ," 960,000 "
2020-12-06-0138-1,2020-12-06,0138,A2,4,F, 신용카드 ," 48,000 "
2020-12-06-0244-1,2020-12-06,0244,A4,36,F, 신용카드 ," 180,000 "
2020-12-06-0027-1,2020-12-06,0027,W5,288,F, 계좌이체 ," 1,152,000 "
2020-12-06-0073-1,2020-12-06,0073,A3,11,F, 계좌이체 ," 187,000 "
2020-12-06-0081-1,2020-12-06,0081,A1,466,F, 신용카드 ," 2,330,000 "
2020-12-06-0129-1,2020-12-06,0129,S5,12,F, 신용카드 ," 960,000 "
2020-12-06-0189-1,2020-12-06,0189,C2,43,T, 계좌이체 ," 1,161,000 "
2020-12-07-0003-1,2020-12-07,0003,C2,12,T, 신용카드 ," 324,000 "
2020-12-07-0156-1,2020-12-07,0156,A3,61,F, 신용카드 ," 1,037,000 "
2020-12-07-0258-1,2020-12-07,0258,W5,157,F, 계좌이체 ," 628,000 "
2020-12-07-0053-1,2020-12-07,0053,W2,7,T, 신용카드 ," 525,000 "
2020-12-07-0040-1,2020-12-07,0040,W2,3,F, 계좌이체 ," 225,000 "
2020-12-07-0263-1,2020-12-07,0263,S4,8,T, 신용카드 ," 280,000 "
2020-12-08-0237-1,2020-12-08,0237,S4,25,T, 신용카드 ," 875,000 "
2020-12-08-0229-1,2020-12-08,0229,W6,4,T, 신용카드 ," 180,000 "
2020-12-08-0095-1,2020-12-08,0095,W5,11,F, 계좌이체 ," 44,000 "
2020-12-09-0019-1,2020-12-09,0019,S6,143,F, 계좌이체 ," 786,500 "
2020-12-09-0181-1,2020-12-09,0181,S3,5,F, 계좌이체 ," 110,000 "
2020-12-09-0056-1,2020-12-09,0056,A4,76,F, 카카오페이 ," 380,000 "
2020-12-10-0096-1,2020-12-10,0096,W3,5,T, 신용카드 ," 250,000 "
2020-12-10-0207-1,2020-12-10,0207,S5,12,F, 카카오페이 ," 960,000 "
2020-12-10-0065-1,2020-12-10,0065,A1,11,F, 카카오페이 ," 55,000 "
2020-12-10-0169-1,2020-12-10,0169,A1,167,F, 계좌이체 ," 835,000 "
2020-12-11-0046-1,2020-12-11,0046,C1,81,T, 신용카드 ," 2,025,000 "
2020-12-11-0190-1,2020-12-11,0190,A3,87,F, 신용카드 ," 1,479,000 "
2020-12-11-0253-1,2020-12-11,0253,S1,42,T, 카카오페이 ," 63,000 "
2020-12-11-0109-1,2020-12-11,0109,C2,80,F, 카카오페이 ," 2,160,000 "
2020-12-11-0015-1,2020-12-11,0015,S5,1,T, 계좌이체 ," 80,000 "
2020-12-11-0079-1,2020-12-11,0079,C1,42,T, 계좌이체 ," 1,050,000 "
2020-12-11-0191-1,2020-12-11,0191,C1,95,T, 신용카드 ," 2,375,000 "
2020-12-12-0140-1,2020-12-12,0140,S3,22,T, 신용카드 ," 484,000 "
2020-12-12-0205-1,2020-12-12,0205,A3,39,F, 계좌이체 ," 663,000 "
2020-12-12-0164-1,2020-12-12,0164,S1,31,T, 신용카드 ," 46,500 "
2020-12-12-0234-1,2020-12-12,0234,W6,11,T, 신용카드 ," 495,000 "
2020-12-12-0093-1,2020-12-12,0093,W1,11,T, 신용카드 ," 660,000 "
2020-12-12-0046-1,2020-12-12,0046,S2,11,F, 신용카드 ," 110,000 "
2020-12-12-0266-1,2020-12-12,0266,C1,100,T, 신용카드 ," 2,500,000 "
2020-12-12-0194-1,2020-12-12,0194,A1,447,T, 신용카드 ," 2,235,000 "
2020-12-13-0003-1,2020-12-13,0003,A2,58,F, 계좌이체 ," 696,000 "
2020-12-13-0121-1,2020-12-13,0121,S3,5,T, 계좌이체 ," 110,000 "
2020-12-13-0113-1,2020-12-13,0113,W1,1,T, 계좌이체 ," 60,000 "
2020-12-13-0158-1,2020-12-13,0158,W2,8,F, 카카오페이 ," 600,000 "
2020-12-14-0024-1,2020-12-14,0024,S5,3,T, 카카오페이 ," 240,000 "
2020-12-14-0064-1,2020-12-14,0064,A2,2,F, 카카오페이 ," 24,000 "
2020-12-14-0043-1,2020-12-14,0043,S2,3,T, 신용카드 ," 30,000 "
2020-12-14-0004-1,2020-12-14,0004,W4,289,F, 신용카드 ," 144,500 "
2020-12-15-0069-1,2020-12-15,0069,W2,14,F, 계좌이체 ," 1,050,000 "
2020-12-15-0172-1,2020-12-15,0172,S6,401,F, 신용카드 ," 2,205,500 "
2020-12-15-0067-1,2020-12-15,0067,W3,16,T, 카카오페이 ," 800,000 "
2020-12-15-0221-1,2020-12-15,0221,S4,23,F, 계좌이체 ," 805,000 "
2020-12-15-0155-1,2020-12-15,0155,A1,471,F, 신용카드 ," 2,355,000 "
2020-12-15-0035-1,2020-12-15,0035,S3,10,F, 계좌이체 ," 220,000 "
2020-12-16-0018-1,2020-12-16,0018,W3,11,T, 계좌이체 ," 550,000 "
2020-12-16-0107-1,2020-12-16,0107,S3,4,T, 신용카드 ," 88,000 "
2020-12-17-0065-1,2020-12-17,0065,W6,19,T, 계좌이체 ," 855,000 "
2020-12-17-0012-1,2020-12-17,0012,C1,93,F, 신용카드 ," 2,325,000 "
2020-12-17-0059-1,2020-12-17,0059,W5,333,F, 신용카드 ," 1,332,000 "
2020-12-17-0206-1,2020-12-17,0206,W3,9,F, 카카오페이 ," 450,000 "
2020-12-17-0269-1,2020-12-17,0269,W5,274,F, 신용카드 ," 1,096,000 "
2020-12-17-0052-1,2020-12-17,0052,S1,40,T, 신용카드 ," 60,000 "
2020-12-17-0256-1,2020-12-17,0256,S3,16,F, 계좌이체 ," 352,000 "
2020-12-18-0032-1,2020-12-18,0032,S4,1,F, 계좌이체 ," 35,000 "
2020-12-18-0140-1,2020-12-18,0140,A2,91,F, 카카오페이 ," 1,092,000 "
2020-12-18-0113-1,2020-12-18,0113,S2,20,F, 신용카드 ," 200,000 "
2020-12-19-0030-1,2020-12-19,0030,S1,44,T, 계좌이체 ," 66,000 "
2020-12-19-0132-1,2020-12-19,0132,A4,35,T, 카카오페이 ," 175,000 "
2020-12-19-0179-1,2020-12-19,0179,S5,5,F, 카카오페이 ," 400,000 "
2020-12-19-0167-1,2020-12-19,0167,W4,85,F, 신용카드 ," 42,500 "
2020-12-19-0149-1,2020-12-19,0149,C2,30,T, 계좌이체 ," 810,000 "
2020-12-19-0225-1,2020-12-19,0225,W6,21,F, 계좌이체 ," 945,000 "
2020-12-19-0086-1,2020-12-19,0086,W1,4,F, 계좌이체 ," 240,000 "
2020-12-19-0086-2,2020-12-19,0086,S5,9,T, 신용카드 ," 720,000 "
2020-12-19-0076-1,2020-12-19,0076,W6,9,T, 신용카드 ," 405,000 "
2020-12-20-0252-1,2020-12-20,0252,W2,12,F, 신용카드 ," 900,000 "
2020-12-20-0125-1,2020-12-20,0125,A1,62,T, 계좌이체 ," 310,000 "
2020-12-20-0122-1,2020-12-20,0122,W1,19,F, 신용카드 ," 1,140,000 "
2020-12-20-0214-1,2020-12-20,0214,W1,2,T, 신용카드 ," 120,000 "
2020-12-20-0121-1,2020-12-20,0121,W4,422,F, 신용카드 ," 211,000 "
2020-12-21-0009-1,2020-12-21,0009,S3,6,F, 신용카드 ," 132,000 "
2020-12-21-0043-1,2020-12-21,0043,A1,305,F, 신용카드 ," 1,525,000 "
2020-12-21-0155-1,2020-12-21,0155,S3,18,T, 신용카드 ," 396,000 "
2020-12-21-0254-1,2020-12-21,0254,W1,5,T, 계좌이체 ," 300,000 "
2020-12-21-0186-1,2020-12-21,0186,A3,48,F, 계좌이체 ," 816,000 "
2020-12-22-0187-1,2020-12-22,0187,W2,20,F, 신용카드 ," 1,500,000 "
2020-12-22-0181-1,2020-12-22,0181,C2,69,F, 신용카드 ," 1,863,000 "
2020-12-22-0207-1,2020-12-22,0207,W6,17,F, 카카오페이 ," 765,000 "
2020-12-22-0160-1,2020-12-22,0160,S6,221,F, 계좌이체 ," 1,215,500 "
2020-12-22-0085-1,2020-12-22,0085,S2,11,T, 계좌이체 ," 110,000 "
2020-12-22-0096-1,2020-12-22,0096,S2,21,F, 신용카드 ," 210,000 "
2020-12-22-0067-1,2020-12-22,0067,S3,16,T, 계좌이체 ," 352,000 "
2020-12-23-0100-1,2020-12-23,0100,W3,6,T, 계좌이체 ," 300,000 "
2020-12-23-0181-1,2020-12-23,0181,S3,10,T, 카카오페이 ," 220,000 "
2020-12-24-0104-1,2020-12-24,0104,W5,159,F, 신용카드 ," 636,000 "
2020-12-24-0155-1,2020-12-24,0155,S6,420,F, 신용카드 ," 2,310,000 "
2020-12-24-0241-1,2020-12-24,0241,C1,80,F, 신용카드 ," 2,000,000 "
2020-12-24-0049-1,2020-12-24,0049,W6,24,F, 신용카드 ," 1,080,000 "
2020-12-25-0248-1,2020-12-25,0248,W4,18,F, 계좌이체 ," 9,000 "
2020-12-25-0196-1,2020-12-25,0196,S4,15,F, 계좌이체 ," 525,000 "
2020-12-25-0078-1,2020-12-25,0078,S4,22,F, 신용카드 ," 770,000 "
2020-12-26-0183-1,2020-12-26,0183,W4,76,F, 카카오페이 ," 38,000 "
2020-12-26-0171-1,2020-12-26,0171,S6,13,F, 카카오페이 ," 71,500 "
2020-12-27-0071-1,2020-12-27,0071,C1,94,F, 카카오페이 ," 2,350,000 "
2020-12-27-0282-1,2020-12-27,0282,S5,24,T, 신용카드 ," 1,920,000 "
2020-12-27-0043-1,2020-12-27,0043,S1,95,F, 신용카드 ," 142,500 "
2020-12-27-0035-1,2020-12-27,0035,W2,10,F, 계좌이체 ," 750,000 "
2020-12-28-0049-1,2020-12-28,0049,W3,5,F, 계좌이체 ," 250,000 "
2020-12-28-0187-1,2020-12-28,0187,W6,4,F, 신용카드 ," 180,000 "
2020-12-28-0175-1,2020-12-28,0175,W6,20,T, 계좌이체 ," 900,000 "
2020-12-28-0055-1,2020-12-28,0055,W4,29,F, 신용카드 ," 14,500 "
2020-12-29-0192-1,2020-12-29,0192,A1,252,F, 신용카드 ," 1,260,000 "
2020-12-29-0270-1,2020-12-29,0270,A2,94,F, 신용카드 ," 1,128,000 "
2020-12-29-0212-1,2020-12-29,0212,W6,20,F, 계좌이체 ," 900,000 "
2020-12-29-0094-1,2020-12-29,0094,S4,23,F, 카카오페이 ," 805,000 "
2020-12-29-0115-1,2020-12-29,0115,S1,5,F, 신용카드 ," 7,500 "
2020-12-29-0258-1,2020-12-29,0258,W5,396,F, 신용카드 ," 1,584,000 "
2020-12-29-0125-1,2020-12-29,0125,W1,25,T, 계좌이체 ," 1,500,000 "
2020-12-30-0182-1,2020-12-30,0182,S6,344,F, 카카오페이 ," 1,892,000 "
2020-12-30-0226-1,2020-12-30,0226,W6,8,F, 신용카드 ," 360,000 "
2020-12-30-0200-1,2020-12-30,0200,S5,17,F, 신용카드 ," 1,360,000 "
2020-12-30-0268-1,2020-12-30,0268,S6,256,F, 신용카드 ," 1,408,000 "
2020-12-31-0017-1,2020-12-31,0017,S4,23,F, 신용카드 ," 805,000 "
2020-12-31-0193-1,2020-12-31,0193,S2,2,F, 계좌이체 ," 20,000 "
2020-12-31-0033-1,2020-12-31,0033,C1,62,T, 신용카드 ," 1,550,000 "
2020-12-31-0117-1,2020-12-31,0117,S1,11,T, 카카오페이 ," 16,500 "
2020-12-31-0121-1,2020-12-31,0121,C2,90,T, 신용카드 ," 2,430,000 "
