구매_ID,구매_날짜,구매자_ID,구매_수량,각인_서비스,결제_방식,총_결제_금액,상품_ID,카테고리,상품이름
2019-01-010069-1,2019-01-01,69,100,F,신용카드,1200000,2,1,드로잉 펜 6종세트
2019-01-010017-1,2019-01-01,17,300,F,계좌이체,1500000,1,1,색연필 세트
2019-01-010078-1,2019-01-01,78,80,F,신용카드,1360000,3,1,드로잉 펜 8종 세트
2019-01-010049-1,2019-01-01,49,60,F,카카오페이,300000,1,1,색연필 세트
2019-01-010075-1,2019-01-01,75,36,T,신용카드,1800000,15,4,탄생석 펜
2019-01-010052-1,2019-01-01,52,70,T,신용카드,1540000,9,3,잠금장치 노트
2019-01-010036-1,2019-01-01,36,60,T,계좌이체,1320000,9,3,잠금장치 노트
2019-01-010077-1,2019-01-01,77,100,F,카카오페이,500000,4,1,연필 세트
2019-01-010030-1,2019-01-01,30,100,F,카카오페이,500000,4,1,연필 세트
2019-01-010058-1,2019-01-01,58,100,T,계좌이체,7500000,14,4,만년필
2019-01-010040-1,2019-01-01,40,20,F,계좌이체,700000,10,3,잠금장치 노트
2019-01-010069-2,2019-01-01,69,50,F,계좌이체,2500000,15,4,탄생석 펜
2019-01-010061-1,2019-01-01,61,70,F,신용카드,280000,17,4,지우개 세트
2019-01-010011-1,2019-01-01,11,50,F,계좌이체,500000,8,3,다이어리
2019-01-010077-2,2019-01-01,77,20,F,카카오페이,900000,18,4,깃펜 세트
2019-01-010009-1,2019-01-01,9,600,T,신용카드,15000000,5,2,가죽 필통
2019-01-010078-2,2019-01-01,78,100,F,계좌이체,1200000,2,1,드로잉 펜 6종세트
2019-01-010017-2,2019-01-01,17,84,F,신용카드,1008000,2,1,드로잉 펜 6종세트
2019-01-010055-1,2019-01-01,55,30,F,계좌이체,1800000,13,4,만년필
2019-01-010073-1,2019-01-01,73,26,F,신용카드,2080000,11,3,실험 일지 세트
2019-01-010021-1,2019-01-01,21,20,F,신용카드,80000,17,4,지우개 세트
2019-01-010046-1,2019-01-01,46,95,T,계좌이체,475000,4,1,연필 세트
2019-01-010040-2,2019-01-01,40,99,T,계좌이체,7920000,11,3,실험 일지 세트
2019-01-010065-1,2019-01-01,65,60,T,신용카드,1620000,6,2,가죽 필통
2019-01-010066-1,2019-01-01,66,77,F,신용카드,6160000,11,3,실험 일지 세트
2019-01-010083-1,2019-01-01,83,100,F,계좌이체,500000,4,1,연필 세트
2019-01-010072-1,2019-01-01,72,200,F,신용카드,16000000,11,3,실험 일지 세트
2019-01-020067-1,2019-01-02,67,39,F,카카오페이,19500,16,4,연필
2019-01-020075-1,2019-01-02,75,70,F,카카오페이,3500000,15,4,탄생석 펜
2019-01-020055-1,2019-01-02,55,30,T,카카오페이,300000,8,3,다이어리
2019-01-020057-1,2019-01-02,57,20,F,카카오페이,100000,1,1,색연필 세트
2019-01-020038-1,2019-01-02,38,199,T,신용카드,1990000,8,3,다이어리
2019-01-020014-1,2019-01-02,14,500,T,신용카드,2500000,4,1,연필 세트
2019-01-020049-1,2019-01-02,49,200,F,계좌이체,100000,16,4,연필
2019-01-020007-1,2019-01-02,7,100,F,계좌이체,50000,16,4,연필
2019-01-020083-1,2019-01-02,83,30,F,신용카드,2250000,14,4,만년필
2019-01-020023-1,2019-01-02,23,100,F,신용카드,3500000,10,3,잠금장치 노트
2019-01-020014-2,2019-01-02,14,200,F,카카오페이,800000,17,4,지우개 세트
2019-01-020023-2,2019-01-02,23,109,T,신용카드,545000,4,1,연필 세트
2019-01-020056-1,2019-01-02,56,70,F,신용카드,5250000,14,4,만년필
2019-01-020069-1,2019-01-02,69,100,T,카카오페이,150000,7,3,양장노트
2019-01-020075-2,2019-01-02,75,75,T,신용카드,375000,4,1,연필 세트
2019-01-020020-1,2019-01-02,20,59,F,계좌이체,29500,16,4,연필
2019-01-020063-1,2019-01-02,63,150,T,계좌이체,750000,4,1,연필 세트
2019-01-020026-1,2019-01-02,26,54,T,신용카드,540000,8,3,다이어리
2019-01-020029-1,2019-01-02,29,33,T,신용카드,1650000,15,4,탄생석 펜
2019-01-020056-2,2019-01-02,56,40,F,카카오페이,400000,8,3,다이어리
2019-01-020002-1,2019-01-02,2,200,F,신용카드,2000000,8,3,다이어리
2019-01-020078-1,2019-01-02,78,159,T,계좌이체,795000,4,1,연필 세트
2019-01-020069-2,2019-01-02,69,150,F,신용카드,6750000,18,4,깃펜 세트
2019-01-020063-2,2019-01-02,63,26,F,계좌이체,104000,17,4,지우개 세트
2019-01-020078-2,2019-01-02,78,120,T,계좌이체,600000,1,1,색연필 세트
2019-01-020033-1,2019-01-02,33,200,F,신용카드,2400000,2,1,드로잉 펜 6종세트
2019-01-020051-1,2019-01-02,51,64,F,계좌이체,768000,2,1,드로잉 펜 6종세트
2019-01-020028-1,2019-01-02,28,99,F,계좌이체,2475000,5,2,가죽 필통
2019-01-020061-1,2019-01-02,61,20,F,계좌이체,1600000,11,3,실험 일지 세트
2019-01-020034-1,2019-01-02,34,20,F,계좌이체,900000,18,4,깃펜 세트
2019-01-030031-1,2019-01-03,31,100,T,카카오페이,150000,7,3,양장노트
2019-01-030051-1,2019-01-03,51,20,T,카카오페이,440000,9,3,잠금장치 노트
2019-01-030071-1,2019-01-03,71,210,T,신용카드,5250000,5,2,가죽 필통
2019-01-030007-1,2019-01-03,7,60,F,계좌이체,300000,4,1,연필 세트
2019-01-030049-1,2019-01-03,49,1000,F,카카오페이,4000000,17,4,지우개 세트
2019-01-030014-1,2019-01-03,14,56,T,신용카드,1512000,6,2,가죽 필통
2019-01-030009-1,2019-01-03,9,500,F,신용카드,2750000,12,3,리필 종이
2019-01-030080-1,2019-01-03,80,50,T,계좌이체,1250000,5,2,가죽 필통
2019-01-030067-1,2019-01-03,67,222,T,신용카드,2220000,8,3,다이어리
2019-01-030051-2,2019-01-03,51,50,F,신용카드,3750000,14,4,만년필
2019-01-030060-1,2019-01-03,60,111,F,신용카드,1332000,2,1,드로잉 펜 6종세트
2019-01-030064-1,2019-01-03,64,51,T,신용카드,4080000,11,3,실험 일지 세트
2019-01-030034-1,2019-01-03,34,25,F,신용카드,2000000,11,3,실험 일지 세트
2019-01-030001-1,2019-01-03,1,50,T,신용카드,500000,8,3,다이어리
2019-01-030012-1,2019-01-03,12,200,T,신용카드,16000000,11,3,실험 일지 세트
2019-01-030006-1,2019-01-03,6,150,F,계좌이체,600000,17,4,지우개 세트
2019-01-030025-1,2019-01-03,25,419,F,계좌이체,2304500,12,3,리필 종이
2019-01-030079-1,2019-01-03,79,300,T,신용카드,8100000,6,2,가죽 필통
2019-01-030082-1,2019-01-03,82,69,F,계좌이체,276000,17,4,지우개 세트
2019-01-030042-1,2019-01-03,42,55,T,계좌이체,550000,8,3,다이어리
2019-01-030015-1,2019-01-03,15,85,F,신용카드,1445000,3,1,드로잉 펜 8종 세트
2019-01-030039-1,2019-01-03,39,180,F,계좌이체,900000,1,1,색연필 세트
2019-01-030003-1,2019-01-03,3,100,T,신용카드,6000000,13,4,만년필
2019-01-030002-1,2019-01-03,2,50,T,신용카드,1750000,10,3,잠금장치 노트
2019-01-030081-1,2019-01-03,81,40,F,신용카드,2000000,15,4,탄생석 펜
2019-01-030013-1,2019-01-03,13,50,T,신용카드,1350000,6,2,가죽 필통
2019-01-030065-1,2019-01-03,65,180,T,신용카드,14400000,11,3,실험 일지 세트
2019-01-030084-1,2019-01-03,84,500,F,신용카드,2500000,4,1,연필 세트
2019-01-030078-1,2019-01-03,78,300,T,신용카드,450000,7,3,양장노트
2019-01-040030-1,2019-01-04,30,60,F,카카오페이,90000,7,3,양장노트
2019-01-040082-1,2019-01-04,82,61,F,신용카드,244000,17,4,지우개 세트
2019-01-040031-1,2019-01-04,31,30,F,계좌이체,1500000,15,4,탄생석 펜
2019-01-040058-1,2019-01-04,58,50,F,신용카드,75000,7,3,양장노트
2019-01-040023-1,2019-01-04,23,30,T,신용카드,1800000,13,4,만년필
2019-01-040045-1,2019-01-04,45,50,T,신용카드,1350000,6,2,가죽 필통
2019-01-040075-1,2019-01-04,75,299,F,계좌이체,3588000,2,1,드로잉 펜 6종세트
2019-01-040072-1,2019-01-04,72,50,F,신용카드,275000,12,3,리필 종이
2019-01-040020-1,2019-01-04,20,300,F,신용카드,1500000,1,1,색연필 세트
2019-01-040058-2,2019-01-04,58,236,F,신용카드,2832000,2,1,드로잉 펜 6종세트
2019-01-040049-1,2019-01-04,49,69,F,신용카드,276000,17,4,지우개 세트
2019-01-040028-1,2019-01-04,28,155,F,신용카드,77500,16,4,연필
2019-01-040058-3,2019-01-04,58,32,T,계좌이체,1600000,15,4,탄생석 펜
2019-01-040072-2,2019-01-04,72,84,T,신용카드,420000,1,1,색연필 세트
2019-01-040058-4,2019-01-04,58,152,F,신용카드,4104000,6,2,가죽 필통
2019-01-040030-2,2019-01-04,30,50,T,계좌이체,1100000,9,3,잠금장치 노트
2019-01-040044-1,2019-01-04,44,67,F,신용카드,5025000,14,4,만년필
2019-01-040016-1,2019-01-04,16,174,T,카카오페이,13050000,14,4,만년필
2019-01-040036-1,2019-01-04,36,56,T,신용카드,4200000,14,4,만년필
2019-01-040073-1,2019-01-04,73,55,F,신용카드,1485000,6,2,가죽 필통
2019-01-040026-1,2019-01-04,26,101,F,신용카드,404000,17,4,지우개 세트
2019-01-040060-1,2019-01-04,60,123,T,신용카드,5535000,18,4,깃펜 세트
2019-01-040043-1,2019-01-04,43,200,F,카카오페이,100000,16,4,연필
2019-01-040015-1,2019-01-04,15,333,F,신용카드,499500,7,3,양장노트
2019-01-040006-1,2019-01-04,6,30,F,신용카드,2250000,14,4,만년필
2019-01-040075-2,2019-01-04,75,22,T,신용카드,110000,1,1,색연필 세트
2019-01-040015-2,2019-01-04,15,199,F,신용카드,99500,16,4,연필
2019-01-050025-1,2019-01-05,25,400,F,계좌이체,10800000,6,2,가죽 필통
2019-01-050034-1,2019-01-05,34,30,T,신용카드,1800000,13,4,만년필
2019-01-050026-1,2019-01-05,26,50,T,계좌이체,250000,1,1,색연필 세트
2019-01-050015-1,2019-01-05,15,259,T,계좌이체,6475000,5,2,가죽 필통
2019-01-050017-1,2019-01-05,17,125,F,신용카드,10000000,11,3,실험 일지 세트
2019-01-050037-1,2019-01-05,37,669,F,계좌이체,334500,16,4,연필
2019-01-050054-1,2019-01-05,54,200,T,계좌이체,5000000,5,2,가죽 필통
2019-01-050058-1,2019-01-05,58,75,T,신용카드,375000,4,1,연필 세트
2019-01-050061-1,2019-01-05,61,100,T,신용카드,7500000,14,4,만년필
2019-01-050016-1,2019-01-05,16,22,F,카카오페이,1320000,13,4,만년필
2019-01-050084-1,2019-01-05,84,200,T,계좌이체,16000000,11,3,실험 일지 세트
2019-01-050047-1,2019-01-05,47,265,F,신용카드,397500,7,3,양장노트
2019-01-050083-1,2019-01-05,83,159,T,계좌이체,4293000,6,2,가죽 필통
2019-01-050036-1,2019-01-05,36,22,F,카카오페이,220000,8,3,다이어리
2019-01-050051-1,2019-01-05,51,20,T,카카오페이,700000,10,3,잠금장치 노트
2019-01-050050-1,2019-01-05,50,100,F,신용카드,4500000,18,4,깃펜 세트
2019-01-050048-1,2019-01-05,48,357,F,카카오페이,4284000,2,1,드로잉 펜 6종세트
2019-01-050067-1,2019-01-05,67,30,F,계좌이체,360000,2,1,드로잉 펜 6종세트
2019-01-050053-1,2019-01-05,53,520,F,신용카드,2080000,17,4,지우개 세트
2019-01-050031-1,2019-01-05,31,159,T,계좌이체,1590000,8,3,다이어리
2019-01-060081-1,2019-01-06,81,20,T,신용카드,1500000,14,4,만년필
2019-01-060028-1,2019-01-06,28,34,F,카카오페이,170000,4,1,연필 세트
2019-01-060058-1,2019-01-06,58,263,F,신용카드,1315000,1,1,색연필 세트
2019-01-060028-2,2019-01-06,28,20,T,카카오페이,1600000,11,3,실험 일지 세트
2019-01-060046-1,2019-01-06,46,111,F,계좌이체,55500,16,4,연필
2019-01-060046-2,2019-01-06,46,20,F,신용카드,110000,12,3,리필 종이
2019-01-060040-1,2019-01-06,40,22,F,계좌이체,374000,3,1,드로잉 펜 8종 세트
2019-01-060046-3,2019-01-06,46,200,F,카카오페이,1100000,12,3,리필 종이
2019-01-060047-1,2019-01-06,47,30,F,신용카드,2400000,11,3,실험 일지 세트
2019-01-060035-1,2019-01-06,35,50,F,카카오페이,850000,3,1,드로잉 펜 8종 세트
2019-01-060021-1,2019-01-06,21,95,T,카카오페이,475000,4,1,연필 세트
2019-01-060034-1,2019-01-06,34,20,F,신용카드,100000,1,1,색연필 세트
2019-01-060034-2,2019-01-06,34,50,T,계좌이체,250000,1,1,색연필 세트
2019-01-060025-1,2019-01-06,25,50,F,카카오페이,500000,8,3,다이어리
2019-01-060070-1,2019-01-06,70,100,T,계좌이체,6000000,13,4,만년필
2019-01-060023-1,2019-01-06,23,166,T,신용카드,9960000,13,4,만년필
2019-01-060013-1,2019-01-06,13,50,F,신용카드,4000000,11,3,실험 일지 세트
2019-01-060028-3,2019-01-06,28,120,F,계좌이체,480000,17,4,지우개 세트
2019-01-070034-1,2019-01-07,34,478,F,계좌이체,8126000,3,1,드로잉 펜 8종 세트
2019-01-070009-1,2019-01-07,9,50,F,계좌이체,250000,1,1,색연필 세트
2019-01-070032-1,2019-01-07,32,109,F,계좌이체,599500,12,3,리필 종이
2019-01-070009-2,2019-01-07,9,300,F,신용카드,5100000,3,1,드로잉 펜 8종 세트
2019-01-070039-1,2019-01-07,39,200,F,신용카드,5400000,6,2,가죽 필통
2019-01-070009-3,2019-01-07,9,100,F,신용카드,2500000,5,2,가죽 필통
2019-01-070040-1,2019-01-07,40,100,T,카카오페이,500000,1,1,색연필 세트
2019-01-070043-1,2019-01-07,43,500,T,신용카드,13500000,6,2,가죽 필통
2019-01-070034-2,2019-01-07,34,69,T,계좌이체,4140000,13,4,만년필
2019-01-070012-1,2019-01-07,12,200,T,계좌이체,16000000,11,3,실험 일지 세트
2019-01-070025-1,2019-01-07,25,59,T,신용카드,3540000,13,4,만년필
2019-01-070056-1,2019-01-07,56,600,F,신용카드,21000000,10,3,잠금장치 노트
2019-01-070068-1,2019-01-07,68,30,F,신용카드,2400000,11,3,실험 일지 세트
2019-01-070072-1,2019-01-07,72,160,F,계좌이체,1920000,2,1,드로잉 펜 6종세트
2019-01-070028-1,2019-01-07,28,258,T,신용카드,2580000,8,3,다이어리
2019-01-070053-1,2019-01-07,53,30,T,카카오페이,660000,9,3,잠금장치 노트
2019-01-070079-1,2019-01-07,79,20,T,계좌이체,1600000,11,3,실험 일지 세트
2019-01-070078-1,2019-01-07,78,20,T,카카오페이,900000,18,4,깃펜 세트
2019-01-070075-1,2019-01-07,75,369,T,신용카드,12915000,10,3,잠금장치 노트
2019-01-070083-1,2019-01-07,83,999,F,계좌이체,1498500,7,3,양장노트
2019-01-070073-1,2019-01-07,73,20,F,카카오페이,700000,10,3,잠금장치 노트
2019-01-070072-2,2019-01-07,72,199,F,신용카드,15920000,11,3,실험 일지 세트
2019-01-070071-1,2019-01-07,71,35,F,계좌이체,1575000,18,4,깃펜 세트
2019-01-070053-2,2019-01-07,53,362,F,카카오페이,1448000,17,4,지우개 세트
2019-01-070041-1,2019-01-07,41,20,T,계좌이체,30000,7,3,양장노트
2019-01-070031-1,2019-01-07,31,423,T,계좌이체,2115000,1,1,색연필 세트
2019-01-070081-1,2019-01-07,81,200,F,신용카드,3400000,3,1,드로잉 펜 8종 세트
2019-01-070061-1,2019-01-07,61,500,F,신용카드,2750000,12,3,리필 종이
2019-01-070054-1,2019-01-07,54,150,T,신용카드,4050000,6,2,가죽 필통
2019-01-070065-1,2019-01-07,65,100,T,신용카드,1000000,8,3,다이어리
2019-01-070035-1,2019-01-07,35,97,F,계좌이체,48500,16,4,연필
2019-01-070065-2,2019-01-07,65,59,F,신용카드,88500,7,3,양장노트
2019-01-070017-1,2019-01-07,17,66,T,계좌이체,99000,7,3,양장노트
2019-01-080031-1,2019-01-08,31,22,T,신용카드,1760000,11,3,실험 일지 세트
2019-01-080022-1,2019-01-08,22,20,T,계좌이체,700000,10,3,잠금장치 노트
2019-01-080004-1,2019-01-08,4,67,F,신용카드,5360000,11,3,실험 일지 세트
2019-01-080046-1,2019-01-08,46,30,T,카카오페이,660000,9,3,잠금장치 노트
2019-01-080074-1,2019-01-08,74,184,T,카카오페이,920000,1,1,색연필 세트
2019-01-080022-2,2019-01-08,22,700,F,계좌이체,24500000,10,3,잠금장치 노트
2019-01-080066-1,2019-01-08,66,50,T,계좌이체,3000000,13,4,만년필
2019-01-080080-1,2019-01-08,80,300,F,신용카드,1200000,17,4,지우개 세트
2019-01-080042-1,2019-01-08,42,500,T,계좌이체,750000,7,3,양장노트
2019-01-080015-1,2019-01-08,15,100,F,계좌이체,150000,7,3,양장노트
2019-01-080056-1,2019-01-08,56,150,F,신용카드,3750000,5,2,가죽 필통
2019-01-080083-1,2019-01-08,83,154,F,계좌이체,231000,7,3,양장노트
2019-01-080018-1,2019-01-08,18,46,F,신용카드,23000,16,4,연필
2019-01-080005-1,2019-01-08,5,30,F,신용카드,120000,17,4,지우개 세트
2019-01-080035-1,2019-01-08,35,163,F,카카오페이,4075000,5,2,가죽 필통
2019-01-080068-1,2019-01-08,68,290,F,카카오페이,145000,16,4,연필
2019-01-080027-1,2019-01-08,27,60,F,신용카드,4500000,14,4,만년필
2019-01-080067-1,2019-01-08,67,100,F,카카오페이,400000,17,4,지우개 세트
2019-01-080068-2,2019-01-08,68,155,T,계좌이체,12400000,11,3,실험 일지 세트
2019-01-080009-1,2019-01-08,9,59,F,신용카드,29500,16,4,연필
2019-01-080009-2,2019-01-08,9,56,T,신용카드,280000,1,1,색연필 세트
2019-01-080003-1,2019-01-08,3,30,T,계좌이체,810000,6,2,가죽 필통
2019-01-080013-1,2019-01-08,13,36,T,계좌이체,1260000,10,3,잠금장치 노트
2019-01-080034-1,2019-01-08,34,444,F,신용카드,2220000,4,1,연필 세트
2019-01-080047-1,2019-01-08,47,200,F,신용카드,7000000,10,3,잠금장치 노트
2019-01-080051-1,2019-01-08,51,22,T,계좌이체,990000,18,4,깃펜 세트
2019-01-080002-1,2019-01-08,2,75,F,계좌이체,412500,12,3,리필 종이
2019-01-080063-1,2019-01-08,63,236,F,계좌이체,5900000,5,2,가죽 필통
2019-01-080020-1,2019-01-08,20,22,F,계좌이체,264000,2,1,드로잉 펜 6종세트
2019-01-080043-1,2019-01-08,43,625,F,신용카드,15625000,5,2,가죽 필통
2019-01-080043-2,2019-01-08,43,30,F,신용카드,120000,17,4,지우개 세트
2019-01-080014-1,2019-01-08,14,20,T,계좌이체,1200000,13,4,만년필
2019-01-080014-2,2019-01-08,14,50,F,신용카드,1350000,6,2,가죽 필통
2019-01-090046-1,2019-01-09,46,50,T,신용카드,1350000,6,2,가죽 필통
2019-01-090031-1,2019-01-09,31,201,T,신용카드,5427000,6,2,가죽 필통
2019-01-090010-1,2019-01-09,10,50,T,신용카드,1350000,6,2,가죽 필통
2019-01-090036-1,2019-01-09,36,150,F,계좌이체,1800000,2,1,드로잉 펜 6종세트
2019-01-090005-1,2019-01-09,5,20,F,신용카드,700000,10,3,잠금장치 노트
2019-01-090067-1,2019-01-09,67,24,F,신용카드,1200000,15,4,탄생석 펜
2019-01-090031-2,2019-01-09,31,333,F,신용카드,8991000,6,2,가죽 필통
2019-01-090030-1,2019-01-09,30,154,T,신용카드,231000,7,3,양장노트
2019-01-090040-1,2019-01-09,40,20,F,신용카드,1200000,13,4,만년필
2019-01-090033-1,2019-01-09,33,24,F,신용카드,840000,10,3,잠금장치 노트
2019-01-090003-1,2019-01-09,3,40,T,계좌이체,3000000,14,4,만년필
2019-01-090011-1,2019-01-09,11,150,F,계좌이체,4050000,6,2,가죽 필통
2019-01-090042-1,2019-01-09,42,159,T,신용카드,1590000,8,3,다이어리
2019-01-090013-1,2019-01-09,13,50,F,신용카드,200000,17,4,지우개 세트
2019-01-090047-1,2019-01-09,47,30,F,신용카드,1800000,13,4,만년필
2019-01-090016-1,2019-01-09,16,21,F,신용카드,735000,10,3,잠금장치 노트
2019-01-090056-1,2019-01-09,56,450,T,계좌이체,11250000,5,2,가죽 필통
2019-01-090078-1,2019-01-09,78,35,F,신용카드,875000,5,2,가죽 필통
2019-01-090048-1,2019-01-09,48,999,F,신용카드,3996000,17,4,지우개 세트
2019-01-090040-2,2019-01-09,40,69,T,계좌이체,103500,7,3,양장노트
2019-01-090015-1,2019-01-09,15,20,T,신용카드,1600000,11,3,실험 일지 세트
2019-01-090072-1,2019-01-09,72,1499,F,계좌이체,5996000,17,4,지우개 세트
2019-01-090046-2,2019-01-09,46,50,T,신용카드,2250000,18,4,깃펜 세트
2019-01-090038-1,2019-01-09,38,30,T,신용카드,660000,9,3,잠금장치 노트
2019-01-090078-2,2019-01-09,78,28,F,계좌이체,336000,2,1,드로잉 펜 6종세트
2019-01-090055-1,2019-01-09,55,431,T,신용카드,9482000,9,3,잠금장치 노트
2019-01-090020-1,2019-01-09,20,64,F,계좌이체,1408000,9,3,잠금장치 노트
2019-01-090042-2,2019-01-09,42,56,T,계좌이체,4200000,14,4,만년필
2019-01-090083-1,2019-01-09,83,22,T,계좌이체,1320000,13,4,만년필
2019-01-100030-1,2019-01-10,30,160,F,신용카드,2720000,3,1,드로잉 펜 8종 세트
2019-01-100017-1,2019-01-10,17,55,F,계좌이체,275000,4,1,연필 세트
2019-01-100083-1,2019-01-10,83,190,F,신용카드,285000,7,3,양장노트
2019-01-100040-1,2019-01-10,40,33,T,신용카드,1980000,13,4,만년필
2019-01-100082-1,2019-01-10,82,70,F,계좌이체,1540000,9,3,잠금장치 노트
2019-01-100028-1,2019-01-10,28,156,T,신용카드,4212000,6,2,가죽 필통
2019-01-100056-1,2019-01-10,56,22,F,신용카드,11000,16,4,연필
2019-01-100082-2,2019-01-10,82,57,F,카카오페이,684000,2,1,드로잉 펜 6종세트
2019-01-100002-1,2019-01-10,2,100,F,신용카드,2500000,5,2,가죽 필통
2019-01-100032-1,2019-01-10,32,64,F,계좌이체,32000,16,4,연필
2019-01-100034-1,2019-01-10,34,160,F,신용카드,7200000,18,4,깃펜 세트
2019-01-100005-1,2019-01-10,5,60,F,신용카드,3600000,13,4,만년필
2019-01-100010-1,2019-01-10,10,147,T,신용카드,7350000,15,4,탄생석 펜
2019-01-100066-1,2019-01-10,66,300,F,신용카드,3000000,8,3,다이어리
2019-01-100063-1,2019-01-10,63,26,T,신용카드,1170000,18,4,깃펜 세트
2019-01-100003-1,2019-01-10,3,66,T,신용카드,3300000,15,4,탄생석 펜
2019-01-100010-2,2019-01-10,10,55,F,신용카드,1925000,10,3,잠금장치 노트
2019-01-100037-1,2019-01-10,37,20,F,신용카드,1600000,11,3,실험 일지 세트
2019-01-100073-1,2019-01-10,73,164,T,신용카드,7380000,18,4,깃펜 세트
2019-01-100060-1,2019-01-10,60,158,F,계좌이체,3476000,9,3,잠금장치 노트
2019-01-100004-1,2019-01-10,4,60,F,카카오페이,300000,4,1,연필 세트
2019-01-100018-1,2019-01-10,18,120,F,계좌이체,2040000,3,1,드로잉 펜 8종 세트
2019-01-100011-1,2019-01-10,11,20,F,신용카드,80000,17,4,지우개 세트
2019-01-100039-1,2019-01-10,39,29,T,계좌이체,1305000,18,4,깃펜 세트
2019-01-100043-1,2019-01-10,43,50,T,신용카드,3000000,13,4,만년필
2019-01-110050-1,2019-01-11,50,26,F,신용카드,2080000,11,3,실험 일지 세트
2019-01-110001-1,2019-01-11,1,499,F,신용카드,17465000,10,3,잠금장치 노트
2019-01-110063-1,2019-01-11,63,39,T,카카오페이,58500,7,3,양장노트
2019-01-110056-1,2019-01-11,56,189,F,계좌이체,756000,17,4,지우개 세트
2019-01-110024-1,2019-01-11,24,43,T,계좌이체,1505000,10,3,잠금장치 노트
2019-01-110024-2,2019-01-11,24,299,F,신용카드,8073000,6,2,가죽 필통
2019-01-110040-1,2019-01-11,40,99,T,카카오페이,4950000,15,4,탄생석 펜
2019-01-110045-1,2019-01-11,45,444,F,신용카드,7548000,3,1,드로잉 펜 8종 세트
2019-01-110069-1,2019-01-11,69,159,F,신용카드,795000,4,1,연필 세트
2019-01-110045-2,2019-01-11,45,200,F,카카오페이,100000,16,4,연필
2019-01-110018-1,2019-01-11,18,33,T,신용카드,1485000,18,4,깃펜 세트
2019-01-110008-1,2019-01-11,8,160,F,신용카드,4000000,5,2,가죽 필통
2019-01-110077-1,2019-01-11,77,51,T,계좌이체,76500,7,3,양장노트
2019-01-110018-2,2019-01-11,18,100,T,신용카드,2200000,9,3,잠금장치 노트
2019-01-110002-1,2019-01-11,2,26,T,계좌이체,130000,1,1,색연필 세트
2019-01-110052-1,2019-01-11,52,33,F,계좌이체,165000,4,1,연필 세트
2019-01-110049-1,2019-01-11,49,33,F,계좌이체,181500,12,3,리필 종이
2019-01-110045-3,2019-01-11,45,60,T,신용카드,600000,8,3,다이어리
2019-01-110007-1,2019-01-11,7,954,T,신용카드,9540000,8,3,다이어리
2019-01-110067-1,2019-01-11,67,50,F,신용카드,2500000,15,4,탄생석 펜
2019-01-110070-1,2019-01-11,70,100,T,신용카드,500000,4,1,연필 세트
2019-01-110015-1,2019-01-11,15,999,F,신용카드,5494500,12,3,리필 종이
2019-01-110084-1,2019-01-11,84,50,T,신용카드,2500000,15,4,탄생석 펜
2019-01-110074-1,2019-01-11,74,250,F,신용카드,125000,16,4,연필
2019-01-110020-1,2019-01-11,20,150,F,카카오페이,600000,17,4,지우개 세트
2019-01-110065-1,2019-01-11,65,32,T,신용카드,1600000,15,4,탄생석 펜
2019-01-110018-3,2019-01-11,18,191,F,신용카드,15280000,11,3,실험 일지 세트
2019-01-110018-4,2019-01-11,18,55,T,신용카드,1925000,10,3,잠금장치 노트
2019-01-110020-2,2019-01-11,20,50,T,계좌이체,250000,4,1,연필 세트
2019-01-110070-2,2019-01-11,70,200,F,계좌이체,2400000,2,1,드로잉 펜 6종세트
2019-01-110012-1,2019-01-11,12,26,F,신용카드,1170000,18,4,깃펜 세트
2019-01-120036-1,2019-01-12,36,30,T,신용카드,2250000,14,4,만년필
2019-01-120069-1,2019-01-12,69,64,F,신용카드,640000,8,3,다이어리
2019-01-120059-1,2019-01-12,59,26,F,계좌이체,702000,6,2,가죽 필통
2019-01-120037-1,2019-01-12,37,54,T,계좌이체,1188000,9,3,잠금장치 노트
2019-01-120040-1,2019-01-12,40,36,F,계좌이체,2160000,13,4,만년필
2019-01-120009-1,2019-01-12,9,93,T,신용카드,7440000,11,3,실험 일지 세트
2019-01-120048-1,2019-01-12,48,36,F,카카오페이,1800000,15,4,탄생석 펜
2019-01-120083-1,2019-01-12,83,50,T,신용카드,1750000,10,3,잠금장치 노트
2019-01-120019-1,2019-01-12,19,156,F,신용카드,7800000,15,4,탄생석 펜
2019-01-120007-1,2019-01-12,7,33,T,카카오페이,1155000,10,3,잠금장치 노트
2019-01-120070-1,2019-01-12,70,148,F,신용카드,1480000,8,3,다이어리
2019-01-120042-1,2019-01-12,42,92,F,신용카드,7360000,11,3,실험 일지 세트
2019-01-120060-1,2019-01-12,60,59,F,계좌이체,2950000,15,4,탄생석 펜
2019-01-120052-1,2019-01-12,52,65,F,신용카드,1755000,6,2,가죽 필통
2019-01-120065-1,2019-01-12,65,54,F,계좌이체,918000,3,1,드로잉 펜 8종 세트
2019-01-120045-1,2019-01-12,45,20,T,계좌이체,700000,10,3,잠금장치 노트
2019-01-120077-1,2019-01-12,77,49,T,계좌이체,73500,7,3,양장노트
2019-01-120041-1,2019-01-12,41,77,F,신용카드,423500,12,3,리필 종이
2019-01-120021-1,2019-01-12,21,20,T,신용카드,440000,9,3,잠금장치 노트
2019-01-120064-1,2019-01-12,64,100,F,계좌이체,50000,16,4,연필
2019-01-120073-1,2019-01-12,73,50,F,계좌이체,2250000,18,4,깃펜 세트
2019-01-120046-1,2019-01-12,46,462,F,신용카드,4620000,8,3,다이어리
2019-01-120081-1,2019-01-12,81,105,F,신용카드,1260000,2,1,드로잉 펜 6종세트
2019-01-120017-1,2019-01-12,17,24,F,카카오페이,96000,17,4,지우개 세트
2019-01-130052-1,2019-01-13,52,151,T,신용카드,7550000,15,4,탄생석 펜
2019-01-130041-1,2019-01-13,41,100,F,신용카드,2500000,5,2,가죽 필통
2019-01-130040-1,2019-01-13,40,700,T,신용카드,7000000,8,3,다이어리
2019-01-130084-1,2019-01-13,84,421,F,계좌이체,210500,16,4,연필
2019-01-130005-1,2019-01-13,5,195,F,신용카드,4290000,9,3,잠금장치 노트
2019-01-130052-2,2019-01-13,52,21,T,카카오페이,735000,10,3,잠금장치 노트
2019-01-130044-1,2019-01-13,44,95,F,신용카드,7125000,14,4,만년필
2019-01-130037-1,2019-01-13,37,222,F,신용카드,1221000,12,3,리필 종이
2019-01-130016-1,2019-01-13,16,50,F,신용카드,1350000,6,2,가죽 필통
2019-01-130041-2,2019-01-13,41,55,F,신용카드,275000,4,1,연필 세트
2019-01-130075-1,2019-01-13,75,361,F,신용카드,1805000,4,1,연필 세트
2019-01-130026-1,2019-01-13,26,999,T,신용카드,4995000,1,1,색연필 세트
2019-01-130027-1,2019-01-13,27,30,F,계좌이체,300000,8,3,다이어리
2019-01-130008-1,2019-01-13,8,44,T,계좌이체,3520000,11,3,실험 일지 세트
2019-01-130061-1,2019-01-13,61,30,F,신용카드,15000,16,4,연필
2019-01-130060-1,2019-01-13,60,463,F,신용카드,231500,16,4,연필
2019-01-130024-1,2019-01-13,24,464,T,신용카드,11600000,5,2,가죽 필통
2019-01-130056-1,2019-01-13,56,50,F,신용카드,2250000,18,4,깃펜 세트
2019-01-130059-1,2019-01-13,59,20,F,신용카드,10000,16,4,연필
2019-01-130083-1,2019-01-13,83,50,F,계좌이체,250000,1,1,색연필 세트
2019-01-130031-1,2019-01-13,31,50,T,계좌이체,2500000,15,4,탄생석 펜
2019-01-130015-1,2019-01-13,15,50,T,신용카드,1100000,9,3,잠금장치 노트
2019-01-130002-1,2019-01-13,2,100,T,카카오페이,500000,1,1,색연필 세트
2019-01-130065-1,2019-01-13,65,200,F,신용카드,12000000,13,4,만년필
2019-01-130001-1,2019-01-13,1,104,T,신용카드,7800000,14,4,만년필
2019-01-130017-1,2019-01-13,17,451,T,신용카드,9922000,9,3,잠금장치 노트
2019-01-140068-1,2019-01-14,68,65,F,신용카드,260000,17,4,지우개 세트
2019-01-140046-1,2019-01-14,46,66,F,신용카드,264000,17,4,지우개 세트
2019-01-140035-1,2019-01-14,35,20,T,계좌이체,30000,7,3,양장노트
2019-01-140081-1,2019-01-14,81,56,F,신용카드,1960000,10,3,잠금장치 노트
2019-01-140040-1,2019-01-14,40,200,F,신용카드,1100000,12,3,리필 종이
2019-01-140002-1,2019-01-14,2,750,F,신용카드,4125000,12,3,리필 종이
2019-01-140009-1,2019-01-14,9,1200,F,계좌이체,600000,16,4,연필
2019-01-140050-1,2019-01-14,50,1254,T,계좌이체,1881000,7,3,양장노트
2019-01-140038-1,2019-01-14,38,53,F,신용카드,1325000,5,2,가죽 필통
2019-01-140053-1,2019-01-14,53,80,T,계좌이체,6400000,11,3,실험 일지 세트
2019-01-140005-1,2019-01-14,5,123,F,계좌이체,9840000,11,3,실험 일지 세트
2019-01-140037-1,2019-01-14,37,999,F,계좌이체,4995000,4,1,연필 세트
2019-01-140083-1,2019-01-14,83,40,F,계좌이체,1000000,5,2,가죽 필통
2019-01-140058-1,2019-01-14,58,45,T,신용카드,3375000,14,4,만년필
2019-01-140083-2,2019-01-14,83,300,F,카카오페이,450000,7,3,양장노트
2019-01-140002-2,2019-01-14,2,59,T,신용카드,295000,1,1,색연필 세트
2019-01-140057-1,2019-01-14,57,200,T,신용카드,4400000,9,3,잠금장치 노트
2019-01-140064-1,2019-01-14,64,100,F,계좌이체,1700000,3,1,드로잉 펜 8종 세트
2019-01-140049-1,2019-01-14,49,169,F,카카오페이,929500,12,3,리필 종이
2019-01-140071-1,2019-01-14,71,1000,F,계좌이체,5500000,12,3,리필 종이
2019-01-140008-1,2019-01-14,8,56,F,신용카드,224000,17,4,지우개 세트
2019-01-140024-1,2019-01-14,24,30,F,카카오페이,660000,9,3,잠금장치 노트
2019-01-140002-3,2019-01-14,2,66,F,계좌이체,660000,8,3,다이어리
2019-01-140061-1,2019-01-14,61,20,F,카카오페이,100000,1,1,색연필 세트
2019-01-140025-1,2019-01-14,25,30,F,계좌이체,1500000,15,4,탄생석 펜
2019-01-140068-2,2019-01-14,68,51,F,신용카드,204000,17,4,지우개 세트
2019-01-140063-1,2019-01-14,63,1000,F,신용카드,5000000,4,1,연필 세트
2019-01-140052-1,2019-01-14,52,60,F,신용카드,240000,17,4,지우개 세트
2019-01-140060-1,2019-01-14,60,90,F,계좌이체,495000,12,3,리필 종이
2019-01-140071-2,2019-01-14,71,50,F,신용카드,275000,12,3,리필 종이
2019-01-140071-3,2019-01-14,71,200,F,카카오페이,300000,7,3,양장노트
2019-01-150042-1,2019-01-15,42,122,F,신용카드,488000,17,4,지우개 세트
2019-01-150081-1,2019-01-15,81,421,T,신용카드,2105000,1,1,색연필 세트
2019-01-150074-1,2019-01-15,74,500,T,계좌이체,2500000,4,1,연필 세트
2019-01-150075-1,2019-01-15,75,103,F,신용카드,2781000,6,2,가죽 필통
2019-01-150016-1,2019-01-15,16,90,T,신용카드,135000,7,3,양장노트
2019-01-150052-1,2019-01-15,52,20,T,계좌이체,1600000,11,3,실험 일지 세트
2019-01-150024-1,2019-01-15,24,423,F,신용카드,10575000,5,2,가죽 필통
2019-01-150050-1,2019-01-15,50,60,F,신용카드,3600000,13,4,만년필
2019-01-150054-1,2019-01-15,54,58,F,카카오페이,232000,17,4,지우개 세트
2019-01-150050-2,2019-01-15,50,30,F,신용카드,1800000,13,4,만년필
2019-01-150048-1,2019-01-15,48,50,F,카카오페이,600000,2,1,드로잉 펜 6종세트
2019-01-150019-1,2019-01-15,19,333,F,신용카드,8325000,5,2,가죽 필통
2019-01-150075-2,2019-01-15,75,20,T,신용카드,700000,10,3,잠금장치 노트
2019-01-150032-1,2019-01-15,32,100,T,신용카드,4500000,18,4,깃펜 세트
2019-01-150077-1,2019-01-15,77,69,T,신용카드,5175000,14,4,만년필
2019-01-150031-1,2019-01-15,31,50,F,신용카드,1100000,9,3,잠금장치 노트
2019-01-150040-1,2019-01-15,40,50,F,카카오페이,850000,3,1,드로잉 펜 8종 세트
2019-01-150030-1,2019-01-15,30,22,T,신용카드,990000,18,4,깃펜 세트
2019-01-150067-1,2019-01-15,67,20,F,계좌이체,1200000,13,4,만년필
2019-01-150067-2,2019-01-15,67,96,F,신용카드,2592000,6,2,가죽 필통
2019-01-150063-1,2019-01-15,63,150,T,계좌이체,4050000,6,2,가죽 필통
2019-01-150045-1,2019-01-15,45,91,T,계좌이체,910000,8,3,다이어리
2019-01-150028-1,2019-01-15,28,102,F,신용카드,3570000,10,3,잠금장치 노트
2019-01-150041-1,2019-01-15,41,100,F,계좌이체,550000,12,3,리필 종이
2019-01-150010-1,2019-01-15,10,40,F,계좌이체,2000000,15,4,탄생석 펜
2019-01-150068-1,2019-01-15,68,465,F,신용카드,23250000,15,4,탄생석 펜
2019-01-150067-3,2019-01-15,67,32,F,신용카드,544000,3,1,드로잉 펜 8종 세트
2019-01-150013-1,2019-01-15,13,50,F,계좌이체,250000,4,1,연필 세트
2019-01-150013-2,2019-01-15,13,214,F,계좌이체,856000,17,4,지우개 세트
2019-01-150056-1,2019-01-15,56,30,T,계좌이체,1800000,13,4,만년필
2019-01-160076-1,2019-01-16,76,140,F,계좌이체,560000,17,4,지우개 세트
2019-01-160032-1,2019-01-16,32,100,F,계좌이체,50000,16,4,연필
2019-01-160022-1,2019-01-16,22,466,T,계좌이체,2330000,4,1,연필 세트
2019-01-160022-2,2019-01-16,22,468,F,신용카드,11700000,5,2,가죽 필통
2019-01-160049-1,2019-01-16,49,500,F,카카오페이,250000,16,4,연필
2019-01-160079-1,2019-01-16,79,421,F,신용카드,7157000,3,1,드로잉 펜 8종 세트
2019-01-160043-1,2019-01-16,43,31,F,카카오페이,1550000,15,4,탄생석 펜
2019-01-160043-2,2019-01-16,43,456,F,신용카드,5472000,2,1,드로잉 펜 6종세트
2019-01-160037-1,2019-01-16,37,100,F,신용카드,1200000,2,1,드로잉 펜 6종세트
2019-01-160009-1,2019-01-16,9,106,F,신용카드,530000,4,1,연필 세트
2019-01-160009-2,2019-01-16,9,25,F,카카오페이,550000,9,3,잠금장치 노트
2019-01-160066-1,2019-01-16,66,433,F,카카오페이,649500,7,3,양장노트
2019-01-160053-1,2019-01-16,53,226,T,계좌이체,5650000,5,2,가죽 필통
2019-01-160018-1,2019-01-16,18,206,T,신용카드,16480000,11,3,실험 일지 세트
2019-01-160004-1,2019-01-16,4,30,F,계좌이체,1050000,10,3,잠금장치 노트
2019-01-160022-3,2019-01-16,22,100,T,신용카드,8000000,11,3,실험 일지 세트
2019-01-160027-1,2019-01-16,27,299,F,신용카드,5083000,3,1,드로잉 펜 8종 세트
2019-01-160007-1,2019-01-16,7,351,T,신용카드,8775000,5,2,가죽 필통
2019-01-160076-2,2019-01-16,76,94,T,카카오페이,2538000,6,2,가죽 필통
2019-01-160062-1,2019-01-16,62,105,F,계좌이체,52500,16,4,연필
2019-01-160021-1,2019-01-16,21,100,T,계좌이체,500000,1,1,색연필 세트
2019-01-160033-1,2019-01-16,33,369,F,신용카드,1845000,1,1,색연필 세트
2019-01-160015-1,2019-01-16,15,198,F,신용카드,1980000,8,3,다이어리
2019-01-160028-1,2019-01-16,28,150,F,카카오페이,75000,16,4,연필
2019-01-160041-1,2019-01-16,41,103,F,신용카드,1030000,8,3,다이어리
2019-01-160041-2,2019-01-16,41,100,F,신용카드,50000,16,4,연필
2019-01-160019-1,2019-01-16,19,55,F,신용카드,4400000,11,3,실험 일지 세트
2019-01-160023-1,2019-01-16,23,31,T,신용카드,1550000,15,4,탄생석 펜
2019-01-160051-1,2019-01-16,51,305,F,카카오페이,1677500,12,3,리필 종이
2019-01-160022-4,2019-01-16,22,55,T,신용카드,1925000,10,3,잠금장치 노트
2019-01-160008-1,2019-01-16,8,29,F,카카오페이,116000,17,4,지우개 세트
2019-01-160031-1,2019-01-16,31,300,F,신용카드,24000000,11,3,실험 일지 세트
2019-01-160030-1,2019-01-16,30,299,F,신용카드,448500,7,3,양장노트
2019-01-170027-1,2019-01-17,27,333,T,신용카드,19980000,13,4,만년필
2019-01-170017-1,2019-01-17,17,365,F,신용카드,4380000,2,1,드로잉 펜 6종세트
2019-01-170021-1,2019-01-17,21,27,T,신용카드,594000,9,3,잠금장치 노트
2019-01-170055-1,2019-01-17,55,200,F,신용카드,1000000,4,1,연필 세트
2019-01-170049-1,2019-01-17,49,156,F,계좌이체,1872000,2,1,드로잉 펜 6종세트
2019-01-170027-2,2019-01-17,27,150,F,신용카드,1800000,2,1,드로잉 펜 6종세트
2019-01-170072-1,2019-01-17,72,50,F,카카오페이,275000,12,3,리필 종이
2019-01-170076-1,2019-01-17,76,96,F,신용카드,1632000,3,1,드로잉 펜 8종 세트
2019-01-170076-2,2019-01-17,76,56,T,신용카드,4200000,14,4,만년필
2019-01-170080-1,2019-01-17,80,78,T,신용카드,3510000,18,4,깃펜 세트
2019-01-170073-1,2019-01-17,73,20,F,계좌이체,1500000,14,4,만년필
2019-01-170031-1,2019-01-17,31,59,F,계좌이체,236000,17,4,지우개 세트
2019-01-170056-1,2019-01-17,56,100,F,카카오페이,6000000,13,4,만년필
2019-01-170064-1,2019-01-17,64,20,F,계좌이체,110000,12,3,리필 종이
2019-01-170061-1,2019-01-17,61,300,F,카카오페이,450000,7,3,양장노트
2019-01-170063-1,2019-01-17,63,20,F,계좌이체,1600000,11,3,실험 일지 세트
2019-01-170025-1,2019-01-17,25,184,T,계좌이체,920000,1,1,색연필 세트
2019-01-170017-2,2019-01-17,17,50,F,계좌이체,25000,16,4,연필
2019-01-170031-2,2019-01-17,31,150,F,신용카드,1800000,2,1,드로잉 펜 6종세트
2019-01-170019-1,2019-01-17,19,50,T,카카오페이,500000,8,3,다이어리
2019-01-170047-1,2019-01-17,47,111,F,신용카드,610500,12,3,리필 종이
2019-01-170009-1,2019-01-17,9,54,T,계좌이체,1188000,9,3,잠금장치 노트
2019-01-170009-2,2019-01-17,9,28,T,카카오페이,700000,5,2,가죽 필통
2019-01-170041-1,2019-01-17,41,36,F,신용카드,18000,16,4,연필
2019-01-170056-2,2019-01-17,56,100,F,계좌이체,150000,7,3,양장노트
2019-01-170072-2,2019-01-17,72,32,F,신용카드,48000,7,3,양장노트
2019-01-180018-1,2019-01-18,18,198,F,신용카드,5346000,6,2,가죽 필통
2019-01-180045-1,2019-01-18,45,365,F,신용카드,182500,16,4,연필
2019-01-180054-1,2019-01-18,54,50,T,신용카드,1350000,6,2,가죽 필통
2019-01-180036-1,2019-01-18,36,50,F,계좌이체,200000,17,4,지우개 세트
2019-01-180017-1,2019-01-18,17,51,F,계좌이체,3060000,13,4,만년필
2019-01-180070-1,2019-01-18,70,25,T,신용카드,1125000,18,4,깃펜 세트
2019-01-180033-1,2019-01-18,33,219,F,신용카드,1095000,1,1,색연필 세트
2019-01-180064-1,2019-01-18,64,200,F,신용카드,7000000,10,3,잠금장치 노트
2019-01-180031-1,2019-01-18,31,200,T,계좌이체,1000000,1,1,색연필 세트
2019-01-180033-2,2019-01-18,33,184,T,신용카드,920000,1,1,색연필 세트
2019-01-180047-1,2019-01-18,47,50,F,신용카드,1250000,5,2,가죽 필통
2019-01-180015-1,2019-01-18,15,30,F,신용카드,360000,2,1,드로잉 펜 6종세트
2019-01-180073-1,2019-01-18,73,147,F,계좌이체,220500,7,3,양장노트
2019-01-180015-2,2019-01-18,15,458,F,신용카드,5496000,2,1,드로잉 펜 6종세트
2019-01-180019-1,2019-01-18,19,20,T,카카오페이,700000,10,3,잠금장치 노트
2019-01-180024-1,2019-01-18,24,30,F,카카오페이,150000,1,1,색연필 세트
2019-01-180014-1,2019-01-18,14,201,T,신용카드,4422000,9,3,잠금장치 노트
2019-01-180072-1,2019-01-18,72,300,F,계좌이체,3000000,8,3,다이어리
2019-01-180076-1,2019-01-18,76,159,F,신용카드,238500,7,3,양장노트
2019-01-180064-2,2019-01-18,64,200,F,신용카드,5400000,6,2,가죽 필통
2019-01-180003-1,2019-01-18,3,200,F,신용카드,1100000,12,3,리필 종이
2019-01-180062-1,2019-01-18,62,45,F,신용카드,225000,4,1,연필 세트
2019-01-180011-1,2019-01-18,11,50,F,카카오페이,200000,17,4,지우개 세트
2019-01-190028-1,2019-01-19,28,69,F,신용카드,1173000,3,1,드로잉 펜 8종 세트
2019-01-190066-1,2019-01-19,66,55,F,계좌이체,82500,7,3,양장노트
2019-01-190005-1,2019-01-19,5,100,T,신용카드,1000000,8,3,다이어리
2019-01-190053-1,2019-01-19,53,160,F,신용카드,3520000,9,3,잠금장치 노트
2019-01-190064-1,2019-01-19,64,20,T,신용카드,1600000,11,3,실험 일지 세트
2019-01-190069-1,2019-01-19,69,500,T,계좌이체,11000000,9,3,잠금장치 노트
2019-01-190048-1,2019-01-19,48,39,T,계좌이체,195000,1,1,색연필 세트
2019-01-190010-1,2019-01-19,10,60,T,카카오페이,1320000,9,3,잠금장치 노트
2019-01-190011-1,2019-01-19,11,30,T,카카오페이,300000,8,3,다이어리
2019-01-190007-1,2019-01-19,7,256,F,신용카드,4352000,3,1,드로잉 펜 8종 세트
2019-01-190073-1,2019-01-19,73,180,F,신용카드,10800000,13,4,만년필
2019-01-190020-1,2019-01-19,20,29,F,신용카드,2320000,11,3,실험 일지 세트
2019-01-190017-1,2019-01-19,17,20,F,계좌이체,10000,16,4,연필
2019-01-190031-1,2019-01-19,31,30,T,카카오페이,750000,5,2,가죽 필통
2019-01-190039-1,2019-01-19,39,182,F,신용카드,910000,1,1,색연필 세트
2019-01-190041-1,2019-01-19,41,1230,T,신용카드,30750000,5,2,가죽 필통
2019-01-190051-1,2019-01-19,51,22,F,신용카드,11000,16,4,연필
2019-01-190078-1,2019-01-19,78,26,F,신용카드,104000,17,4,지우개 세트
2019-01-190061-1,2019-01-19,61,90,F,계좌이체,495000,12,3,리필 종이
2019-01-190069-2,2019-01-19,69,160,T,신용카드,240000,7,3,양장노트
2019-01-190065-1,2019-01-19,65,50,F,신용카드,25000,16,4,연필
2019-01-190039-2,2019-01-19,39,24,T,카카오페이,648000,6,2,가죽 필통
2019-01-200041-1,2019-01-20,41,50,F,신용카드,1100000,9,3,잠금장치 노트
2019-01-200072-1,2019-01-20,72,30,F,계좌이체,810000,6,2,가죽 필통
2019-01-200036-1,2019-01-20,36,22,F,계좌이체,11000,16,4,연필
2019-01-200026-1,2019-01-20,26,31,F,신용카드,2325000,14,4,만년필
2019-01-200060-1,2019-01-20,60,215,T,신용카드,7525000,10,3,잠금장치 노트
2019-01-200064-1,2019-01-20,64,30,T,계좌이체,45000,7,3,양장노트
2019-01-200022-1,2019-01-20,22,21,F,카카오페이,10500,16,4,연필
2019-01-200024-1,2019-01-20,24,33,T,신용카드,1155000,10,3,잠금장치 노트
2019-01-200044-1,2019-01-20,44,20,T,계좌이체,440000,9,3,잠금장치 노트
2019-01-200051-1,2019-01-20,51,63,F,계좌이체,2205000,10,3,잠금장치 노트
2019-01-200002-1,2019-01-20,2,200,F,신용카드,10000000,15,4,탄생석 펜
2019-01-200074-1,2019-01-20,74,200,F,계좌이체,100000,16,4,연필
2019-01-200083-1,2019-01-20,83,20,T,신용카드,540000,6,2,가죽 필통
2019-01-200084-1,2019-01-20,84,50,F,계좌이체,1250000,5,2,가죽 필통
2019-01-200072-2,2019-01-20,72,23,F,계좌이체,391000,3,1,드로잉 펜 8종 세트
2019-01-200020-1,2019-01-20,20,23,T,카카오페이,1035000,18,4,깃펜 세트
2019-01-200028-1,2019-01-20,28,888,F,신용카드,10656000,2,1,드로잉 펜 6종세트
2019-01-200065-1,2019-01-20,65,200,F,계좌이체,5400000,6,2,가죽 필통
2019-01-200033-1,2019-01-20,33,24,T,신용카드,1200000,15,4,탄생석 펜
2019-01-200054-1,2019-01-20,54,30,T,카카오페이,300000,8,3,다이어리
2019-01-200053-1,2019-01-20,53,300,F,신용카드,3600000,2,1,드로잉 펜 6종세트
2019-01-200072-3,2019-01-20,72,100,F,카카오페이,50000,16,4,연필
2019-01-200044-2,2019-01-20,44,200,F,신용카드,5000000,5,2,가죽 필통
2019-01-200063-1,2019-01-20,63,300,T,계좌이체,10500000,10,3,잠금장치 노트
2019-01-200052-1,2019-01-20,52,300,F,카카오페이,150000,16,4,연필
2019-01-200028-2,2019-01-20,28,29,T,신용카드,1740000,13,4,만년필
2019-01-200048-1,2019-01-20,48,200,F,신용카드,3400000,3,1,드로잉 펜 8종 세트
2019-01-200001-1,2019-01-20,1,28,T,신용카드,42000,7,3,양장노트
2019-01-200078-1,2019-01-20,78,200,F,계좌이체,1100000,12,3,리필 종이
2019-01-200048-2,2019-01-20,48,199,F,계좌이체,3383000,3,1,드로잉 펜 8종 세트
2019-01-210039-1,2019-01-21,39,22,F,신용카드,121000,12,3,리필 종이
2019-01-210059-1,2019-01-21,59,50,F,신용카드,275000,12,3,리필 종이
2019-01-210029-1,2019-01-21,29,150,T,신용카드,11250000,14,4,만년필
2019-01-210068-1,2019-01-21,68,156,T,계좌이체,7800000,15,4,탄생석 펜
2019-01-210069-1,2019-01-21,69,50,T,신용카드,3750000,14,4,만년필
2019-01-210034-1,2019-01-21,34,269,F,신용카드,134500,16,4,연필
2019-01-210014-1,2019-01-21,14,26,F,계좌이체,702000,6,2,가죽 필통
2019-01-210035-1,2019-01-21,35,258,T,신용카드,11610000,18,4,깃펜 세트
2019-01-210041-1,2019-01-21,41,50,T,신용카드,1350000,6,2,가죽 필통
2019-01-210046-1,2019-01-21,46,58,F,신용카드,3480000,13,4,만년필
2019-01-210037-1,2019-01-21,37,90,T,신용카드,4050000,18,4,깃펜 세트
2019-01-210017-1,2019-01-21,17,40,F,신용카드,2000000,15,4,탄생석 펜
2019-01-210041-2,2019-01-21,41,59,F,신용카드,708000,2,1,드로잉 펜 6종세트
2019-01-210009-1,2019-01-21,9,30,T,계좌이체,1050000,10,3,잠금장치 노트
2019-01-210058-1,2019-01-21,58,50,T,신용카드,1350000,6,2,가죽 필통
2019-01-210019-1,2019-01-21,19,500,F,계좌이체,250000,16,4,연필
2019-01-210046-2,2019-01-21,46,30,F,계좌이체,510000,3,1,드로잉 펜 8종 세트
2019-01-210084-1,2019-01-21,84,30,F,신용카드,1800000,13,4,만년필
2019-01-210019-2,2019-01-21,19,20,T,계좌이체,900000,18,4,깃펜 세트
2019-01-210052-1,2019-01-21,52,100,F,계좌이체,2200000,9,3,잠금장치 노트
2019-01-210081-1,2019-01-21,81,165,F,카카오페이,825000,1,1,색연필 세트
2019-01-210020-1,2019-01-21,20,100,F,계좌이체,500000,1,1,색연필 세트
2019-01-210010-1,2019-01-21,10,20,F,계좌이체,80000,17,4,지우개 세트
2019-01-210077-1,2019-01-21,77,159,T,카카오페이,238500,7,3,양장노트
2019-01-220037-1,2019-01-22,37,265,T,계좌이체,1325000,1,1,색연필 세트
2019-01-220054-1,2019-01-22,54,50,F,계좌이체,1250000,5,2,가죽 필통
2019-01-220005-1,2019-01-22,5,20,F,카카오페이,900000,18,4,깃펜 세트
2019-01-220019-1,2019-01-22,19,100,T,계좌이체,500000,4,1,연필 세트
2019-01-220052-1,2019-01-22,52,426,F,신용카드,2343000,12,3,리필 종이
2019-01-220068-1,2019-01-22,68,100,T,신용카드,3500000,10,3,잠금장치 노트
2019-01-220040-1,2019-01-22,40,346,T,계좌이체,15570000,18,4,깃펜 세트
2019-01-220044-1,2019-01-22,44,158,F,카카오페이,2686000,3,1,드로잉 펜 8종 세트
2019-01-220036-1,2019-01-22,36,258,T,계좌이체,387000,7,3,양장노트
2019-01-220080-1,2019-01-22,80,60,T,계좌이체,1500000,5,2,가죽 필통
2019-01-220054-2,2019-01-22,54,50,F,카카오페이,500000,8,3,다이어리
2019-01-220077-1,2019-01-22,77,150,F,계좌이체,600000,17,4,지우개 세트
2019-01-220063-1,2019-01-22,63,125,F,신용카드,2125000,3,1,드로잉 펜 8종 세트
2019-01-220024-1,2019-01-22,24,50,T,계좌이체,1100000,9,3,잠금장치 노트
2019-01-220038-1,2019-01-22,38,100,F,계좌이체,550000,12,3,리필 종이
2019-01-220043-1,2019-01-22,43,32,T,신용카드,2400000,14,4,만년필
2019-01-220033-1,2019-01-22,33,423,T,계좌이체,9306000,9,3,잠금장치 노트
2019-01-220034-1,2019-01-22,34,500,F,신용카드,8500000,3,1,드로잉 펜 8종 세트
2019-01-220043-2,2019-01-22,43,259,F,계좌이체,129500,16,4,연필
2019-01-220042-1,2019-01-22,42,369,F,계좌이체,1845000,1,1,색연필 세트
2019-01-220051-1,2019-01-22,51,500,F,카카오페이,750000,7,3,양장노트
2019-01-220058-1,2019-01-22,58,200,T,신용카드,7000000,10,3,잠금장치 노트
2019-01-220051-2,2019-01-22,51,235,F,신용카드,940000,17,4,지우개 세트
2019-01-220040-2,2019-01-22,40,59,F,계좌이체,4425000,14,4,만년필
2019-01-220014-1,2019-01-22,14,165,F,신용카드,1650000,8,3,다이어리
2019-01-220034-2,2019-01-22,34,1000,F,신용카드,5000000,4,1,연필 세트
2019-01-230069-1,2019-01-23,69,30,T,신용카드,1050000,10,3,잠금장치 노트
2019-01-230016-1,2019-01-23,16,40,T,신용카드,1800000,18,4,깃펜 세트
2019-01-230010-1,2019-01-23,10,100,F,카카오페이,500000,4,1,연필 세트
2019-01-230031-1,2019-01-23,31,109,F,계좌이체,599500,12,3,리필 종이
2019-01-230068-1,2019-01-23,68,1236,F,계좌이체,6798000,12,3,리필 종이
2019-01-230030-1,2019-01-23,30,300,F,신용카드,5100000,3,1,드로잉 펜 8종 세트
2019-01-230081-1,2019-01-23,81,60,T,계좌이체,1500000,5,2,가죽 필통
2019-01-230025-1,2019-01-23,25,59,F,신용카드,1003000,3,1,드로잉 펜 8종 세트
2019-01-230031-2,2019-01-23,31,300,F,신용카드,1650000,12,3,리필 종이
2019-01-230026-1,2019-01-23,26,65,F,계좌이체,4875000,14,4,만년필
2019-01-230045-1,2019-01-23,45,32,F,계좌이체,1600000,15,4,탄생석 펜
2019-01-230052-1,2019-01-23,52,500,F,신용카드,2750000,12,3,리필 종이
2019-01-230071-1,2019-01-23,71,156,F,카카오페이,78000,16,4,연필
2019-01-230020-1,2019-01-23,20,200,F,신용카드,4400000,9,3,잠금장치 노트
2019-01-230032-1,2019-01-23,32,254,F,신용카드,1016000,17,4,지우개 세트
2019-01-230051-1,2019-01-23,51,50,T,신용카드,75000,7,3,양장노트
2019-01-230044-1,2019-01-23,44,30,F,계좌이체,1350000,18,4,깃펜 세트
2019-01-230073-1,2019-01-23,73,163,F,신용카드,1956000,2,1,드로잉 펜 6종세트
2019-01-230068-2,2019-01-23,68,55,F,계좌이체,1375000,5,2,가죽 필통
2019-01-230004-1,2019-01-23,4,200,T,신용카드,1000000,4,1,연필 세트
2019-01-230043-1,2019-01-23,43,1400,F,신용카드,16800000,2,1,드로잉 펜 6종세트
2019-01-230072-1,2019-01-23,72,456,F,계좌이체,4560000,8,3,다이어리
2019-01-230011-1,2019-01-23,11,36,T,신용카드,2160000,13,4,만년필
2019-01-230048-1,2019-01-23,48,40,F,신용카드,3200000,11,3,실험 일지 세트
2019-01-230056-1,2019-01-23,56,60,F,신용카드,2700000,18,4,깃펜 세트
2019-01-240075-1,2019-01-24,75,70,F,신용카드,1540000,9,3,잠금장치 노트
2019-01-240045-1,2019-01-24,45,40,T,카카오페이,2000000,15,4,탄생석 펜
2019-01-240084-1,2019-01-24,84,999,F,계좌이체,3996000,17,4,지우개 세트
2019-01-240072-1,2019-01-24,72,206,F,계좌이체,5562000,6,2,가죽 필통
2019-01-240028-1,2019-01-24,28,20,T,신용카드,1600000,11,3,실험 일지 세트
2019-01-240052-1,2019-01-24,52,188,F,신용카드,2256000,2,1,드로잉 펜 6종세트
2019-01-240009-1,2019-01-24,9,50,F,신용카드,1350000,6,2,가죽 필통
2019-01-240027-1,2019-01-24,27,205,T,신용카드,9225000,18,4,깃펜 세트
2019-01-240002-1,2019-01-24,2,369,T,신용카드,553500,7,3,양장노트
2019-01-240077-1,2019-01-24,77,20,T,계좌이체,900000,18,4,깃펜 세트
2019-01-240042-1,2019-01-24,42,150,F,신용카드,2550000,3,1,드로잉 펜 8종 세트
2019-01-240027-2,2019-01-24,27,205,F,신용카드,5535000,6,2,가죽 필통
2019-01-240084-2,2019-01-24,84,30,T,카카오페이,1350000,18,4,깃펜 세트
2019-01-240028-2,2019-01-24,28,36,F,신용카드,972000,6,2,가죽 필통
2019-01-240015-1,2019-01-24,15,50,F,계좌이체,1350000,6,2,가죽 필통
2019-01-240016-1,2019-01-24,16,26,T,신용카드,1950000,14,4,만년필
2019-01-240047-1,2019-01-24,47,500,T,계좌이체,37500000,14,4,만년필
2019-01-240031-1,2019-01-24,31,203,T,계좌이체,304500,7,3,양장노트
2019-01-250063-1,2019-01-25,63,452,F,신용카드,22600000,15,4,탄생석 펜
2019-01-250031-1,2019-01-25,31,36,T,신용카드,1260000,10,3,잠금장치 노트
2019-01-250007-1,2019-01-25,7,40,F,카카오페이,3200000,11,3,실험 일지 세트
2019-01-250057-1,2019-01-25,57,265,T,계좌이체,6625000,5,2,가죽 필통
2019-01-250068-1,2019-01-25,68,28,T,신용카드,2240000,11,3,실험 일지 세트
2019-01-250052-1,2019-01-25,52,36,F,신용카드,1800000,15,4,탄생석 펜
2019-01-250043-1,2019-01-25,43,250,F,신용카드,1250000,4,1,연필 세트
2019-01-250025-1,2019-01-25,25,50,F,신용카드,275000,12,3,리필 종이
2019-01-250011-1,2019-01-25,11,1000,F,계좌이체,500000,16,4,연필
2019-01-250017-1,2019-01-25,17,260,F,신용카드,1300000,1,1,색연필 세트
2019-01-250077-1,2019-01-25,77,150,T,계좌이체,6750000,18,4,깃펜 세트
2019-01-250071-1,2019-01-25,71,900,F,계좌이체,15300000,3,1,드로잉 펜 8종 세트
2019-01-250075-1,2019-01-25,75,150,F,카카오페이,600000,17,4,지우개 세트
2019-01-250038-1,2019-01-25,38,195,F,계좌이체,97500,16,4,연필
2019-01-250064-1,2019-01-25,64,30,F,신용카드,660000,9,3,잠금장치 노트
2019-01-250051-1,2019-01-25,51,300,F,카카오페이,150000,16,4,연필
2019-01-250004-1,2019-01-25,4,62,T,신용카드,93000,7,3,양장노트
2019-01-250075-2,2019-01-25,75,166,T,신용카드,5810000,10,3,잠금장치 노트
2019-01-250066-1,2019-01-25,66,62,F,계좌이체,93000,7,3,양장노트
2019-01-260029-1,2019-01-26,29,60,F,신용카드,2700000,18,4,깃펜 세트
2019-01-260023-1,2019-01-26,23,30,F,신용카드,2400000,11,3,실험 일지 세트
2019-01-260054-1,2019-01-26,54,150,T,계좌이체,11250000,14,4,만년필
2019-01-260070-1,2019-01-26,70,36,F,신용카드,2880000,11,3,실험 일지 세트
2019-01-260080-1,2019-01-26,80,50,F,계좌이체,850000,3,1,드로잉 펜 8종 세트
2019-01-260056-1,2019-01-26,56,369,F,카카오페이,4428000,2,1,드로잉 펜 6종세트
2019-01-260041-1,2019-01-26,41,201,F,카카오페이,301500,7,3,양장노트
2019-01-260020-1,2019-01-26,20,120,T,신용카드,6000000,15,4,탄생석 펜
2019-01-260036-1,2019-01-26,36,185,F,신용카드,1017500,12,3,리필 종이
2019-01-260051-1,2019-01-26,51,185,F,신용카드,6475000,10,3,잠금장치 노트
2019-01-260015-1,2019-01-26,15,33,F,신용카드,1650000,15,4,탄생석 펜
2019-01-260058-1,2019-01-26,58,265,F,신용카드,1325000,1,1,색연필 세트
2019-01-260048-1,2019-01-26,48,500,T,신용카드,12500000,5,2,가죽 필통
2019-01-260061-1,2019-01-26,61,222,F,신용카드,2664000,2,1,드로잉 펜 6종세트
2019-01-260003-1,2019-01-26,3,100,T,신용카드,8000000,11,3,실험 일지 세트
2019-01-260041-2,2019-01-26,41,200,T,신용카드,2000000,8,3,다이어리
2019-01-260067-1,2019-01-26,67,55,T,신용카드,1375000,5,2,가죽 필통
2019-01-260037-1,2019-01-26,37,32,T,신용카드,1440000,18,4,깃펜 세트
2019-01-260011-1,2019-01-26,11,264,T,계좌이체,21120000,11,3,실험 일지 세트
2019-01-260004-1,2019-01-26,4,450,T,신용카드,4500000,8,3,다이어리
2019-01-260031-1,2019-01-26,31,150,T,신용카드,7500000,15,4,탄생석 펜
2019-01-260003-2,2019-01-26,3,62,T,신용카드,4650000,14,4,만년필
2019-01-260051-2,2019-01-26,51,20,T,신용카드,1200000,13,4,만년필
2019-01-260073-1,2019-01-26,73,158,F,카카오페이,869000,12,3,리필 종이
2019-01-260014-1,2019-01-26,14,56,F,계좌이체,672000,2,1,드로잉 펜 6종세트
2019-01-260048-2,2019-01-26,48,201,T,신용카드,15075000,14,4,만년필
2019-01-270036-1,2019-01-27,36,100,F,계좌이체,7500000,14,4,만년필
2019-01-270046-1,2019-01-27,46,100,F,계좌이체,400000,17,4,지우개 세트
2019-01-270003-1,2019-01-27,3,20,T,계좌이체,700000,10,3,잠금장치 노트
2019-01-270006-1,2019-01-27,6,499,F,카카오페이,4990000,8,3,다이어리
2019-01-270042-1,2019-01-27,42,500,T,신용카드,37500000,14,4,만년필
2019-01-270025-1,2019-01-27,25,300,F,신용카드,22500000,14,4,만년필
2019-01-270047-1,2019-01-27,47,105,F,계좌이체,525000,4,1,연필 세트
2019-01-270007-1,2019-01-27,7,50,F,신용카드,1750000,10,3,잠금장치 노트
2019-01-270006-2,2019-01-27,6,189,F,신용카드,3213000,3,1,드로잉 펜 8종 세트
2019-01-270052-1,2019-01-27,52,189,T,신용카드,1890000,8,3,다이어리
2019-01-270054-1,2019-01-27,54,155,F,신용카드,5425000,10,3,잠금장치 노트
2019-01-270056-1,2019-01-27,56,20,T,신용카드,1500000,14,4,만년필
2019-01-270042-2,2019-01-27,42,100,F,신용카드,2500000,5,2,가죽 필통
2019-01-270050-1,2019-01-27,50,150,F,카카오페이,225000,7,3,양장노트
2019-01-270079-1,2019-01-27,79,400,F,신용카드,6800000,3,1,드로잉 펜 8종 세트
2019-01-270033-1,2019-01-27,33,30,F,카카오페이,810000,6,2,가죽 필통
2019-01-270036-2,2019-01-27,36,180,F,신용카드,9000000,15,4,탄생석 펜
2019-01-280023-1,2019-01-28,23,150,F,계좌이체,600000,17,4,지우개 세트
2019-01-280005-1,2019-01-28,5,50,F,계좌이체,850000,3,1,드로잉 펜 8종 세트
2019-01-280027-1,2019-01-28,27,200,F,신용카드,800000,17,4,지우개 세트
2019-01-280063-1,2019-01-28,63,20,F,계좌이체,100000,1,1,색연필 세트
2019-01-280025-1,2019-01-28,25,50,F,계좌이체,3000000,13,4,만년필
2019-01-280004-1,2019-01-28,4,100,T,계좌이체,500000,1,1,색연필 세트
2019-01-280012-1,2019-01-28,12,60,T,신용카드,1320000,9,3,잠금장치 노트
2019-01-280004-2,2019-01-28,4,430,F,계좌이체,21500000,15,4,탄생석 펜
2019-01-280024-1,2019-01-28,24,520,F,계좌이체,2080000,17,4,지우개 세트
2019-01-280054-1,2019-01-28,54,260,T,계좌이체,11700000,18,4,깃펜 세트
2019-01-280065-1,2019-01-28,65,55,T,신용카드,1375000,5,2,가죽 필통
2019-01-280031-1,2019-01-28,31,1000,T,신용카드,5000000,1,1,색연필 세트
2019-01-280015-1,2019-01-28,15,180,F,신용카드,270000,7,3,양장노트
2019-01-280048-1,2019-01-28,48,200,F,카카오페이,1000000,4,1,연필 세트
2019-01-280057-1,2019-01-28,57,30,T,카카오페이,150000,4,1,연필 세트
2019-01-280048-2,2019-01-28,48,205,F,계좌이체,9225000,18,4,깃펜 세트
2019-01-280017-1,2019-01-28,17,465,F,계좌이체,10230000,9,3,잠금장치 노트
2019-01-280069-1,2019-01-28,69,56,T,신용카드,2800000,15,4,탄생석 펜
2019-01-280043-1,2019-01-28,43,30,T,계좌이체,2400000,11,3,실험 일지 세트
2019-01-280058-1,2019-01-28,58,200,F,계좌이체,5400000,6,2,가죽 필통
2019-01-280065-2,2019-01-28,65,30,F,신용카드,1800000,13,4,만년필
2019-01-280059-1,2019-01-28,59,1000,F,신용카드,500000,16,4,연필
2019-01-280022-1,2019-01-28,22,185,F,신용카드,740000,17,4,지우개 세트
2019-01-280029-1,2019-01-28,29,1320,T,신용카드,6600000,1,1,색연필 세트
2019-01-280024-2,2019-01-28,24,105,F,신용카드,1260000,2,1,드로잉 펜 6종세트
2019-01-280069-2,2019-01-28,69,30,F,신용카드,2400000,11,3,실험 일지 세트
2019-01-280037-1,2019-01-28,37,150,F,신용카드,225000,7,3,양장노트
2019-01-290031-1,2019-01-29,31,100,F,신용카드,2500000,5,2,가죽 필통
2019-01-290077-1,2019-01-29,77,69,F,신용카드,2415000,10,3,잠금장치 노트
2019-01-290057-1,2019-01-29,57,120,F,카카오페이,2040000,3,1,드로잉 펜 8종 세트
2019-01-290039-1,2019-01-29,39,206,F,신용카드,2472000,2,1,드로잉 펜 6종세트
2019-01-290009-1,2019-01-29,9,50,F,신용카드,4000000,11,3,실험 일지 세트
2019-01-290031-2,2019-01-29,31,160,F,신용카드,640000,17,4,지우개 세트
2019-01-290035-1,2019-01-29,35,36,T,신용카드,2160000,13,4,만년필
2019-01-290031-3,2019-01-29,31,150,T,계좌이체,3750000,5,2,가죽 필통
2019-01-290053-1,2019-01-29,53,500,F,계좌이체,8500000,3,1,드로잉 펜 8종 세트
2019-01-290078-1,2019-01-29,78,999,F,신용카드,11988000,2,1,드로잉 펜 6종세트
2019-01-290074-1,2019-01-29,74,450,T,신용카드,4500000,8,3,다이어리
2019-01-290051-1,2019-01-29,51,150,T,계좌이체,3300000,9,3,잠금장치 노트
2019-01-290072-1,2019-01-29,72,30,F,계좌이체,660000,9,3,잠금장치 노트
2019-01-290056-1,2019-01-29,56,50,T,신용카드,3750000,14,4,만년필
2019-01-290051-2,2019-01-29,51,160,T,계좌이체,4320000,6,2,가죽 필통
2019-01-290084-1,2019-01-29,84,20,F,신용카드,1500000,14,4,만년필
2019-01-290025-1,2019-01-29,25,150,T,계좌이체,12000000,11,3,실험 일지 세트
2019-01-300001-1,2019-01-30,1,40,T,신용카드,1800000,18,4,깃펜 세트
2019-01-300013-1,2019-01-30,13,150,F,계좌이체,75000,16,4,연필
2019-01-300052-1,2019-01-30,52,150,F,신용카드,2550000,3,1,드로잉 펜 8종 세트
2019-01-300037-1,2019-01-30,37,30,T,신용카드,1500000,15,4,탄생석 펜
2019-01-300029-1,2019-01-30,29,200,T,신용카드,1000000,1,1,색연필 세트
2019-01-300019-1,2019-01-30,19,569,T,계좌이체,5690000,8,3,다이어리
2019-01-300084-1,2019-01-30,84,789,F,계좌이체,3156000,17,4,지우개 세트
2019-01-300014-1,2019-01-30,14,100,F,계좌이체,500000,4,1,연필 세트
2019-01-300073-1,2019-01-30,73,55,T,계좌이체,550000,8,3,다이어리
2019-01-300067-1,2019-01-30,67,495,F,신용카드,742500,7,3,양장노트
2019-01-300081-1,2019-01-30,81,200,F,카카오페이,5000000,5,2,가죽 필통
2019-01-300076-1,2019-01-30,76,189,F,신용카드,4725000,5,2,가죽 필통
2019-01-300012-1,2019-01-30,12,150,F,신용카드,9000000,13,4,만년필
2019-01-300066-1,2019-01-30,66,150,F,신용카드,7500000,15,4,탄생석 펜
2019-01-300033-1,2019-01-30,33,50,T,계좌이체,1750000,10,3,잠금장치 노트
2019-01-300046-1,2019-01-30,46,20,T,카카오페이,700000,10,3,잠금장치 노트
2019-01-300067-2,2019-01-30,67,200,F,계좌이체,100000,16,4,연필
2019-01-300016-1,2019-01-30,16,100,F,신용카드,1700000,3,1,드로잉 펜 8종 세트
2019-01-300017-1,2019-01-30,17,150,F,신용카드,9000000,13,4,만년필
2019-01-300052-2,2019-01-30,52,150,T,계좌이체,4050000,6,2,가죽 필통
2019-01-300033-2,2019-01-30,33,150,T,카카오페이,750000,4,1,연필 세트
2019-01-300020-1,2019-01-30,20,499,F,신용카드,2495000,4,1,연필 세트
2019-01-300005-1,2019-01-30,5,150,T,신용카드,1500000,8,3,다이어리
2019-01-300022-1,2019-01-30,22,20,F,신용카드,240000,2,1,드로잉 펜 6종세트
2019-01-310032-1,2019-01-31,32,150,F,신용카드,5250000,10,3,잠금장치 노트
2019-01-310002-1,2019-01-31,2,150,F,신용카드,2550000,3,1,드로잉 펜 8종 세트
2019-01-310013-1,2019-01-31,13,300,F,계좌이체,5100000,3,1,드로잉 펜 8종 세트
2019-01-310065-1,2019-01-31,65,62,T,신용카드,4650000,14,4,만년필
2019-01-310016-1,2019-01-31,16,150,F,신용카드,75000,16,4,연필
2019-01-310069-1,2019-01-31,69,150,T,계좌이체,7500000,15,4,탄생석 펜
2019-01-310032-2,2019-01-31,32,20,F,신용카드,1500000,14,4,만년필
2019-01-310070-1,2019-01-31,70,200,F,신용카드,2000000,8,3,다이어리
2019-01-310002-2,2019-01-31,2,150,F,신용카드,2550000,3,1,드로잉 펜 8종 세트
2019-01-310078-1,2019-01-31,78,150,F,신용카드,5250000,10,3,잠금장치 노트
2019-01-310021-1,2019-01-31,21,20,F,신용카드,240000,2,1,드로잉 펜 6종세트
2019-01-310024-1,2019-01-31,24,150,F,계좌이체,1500000,8,3,다이어리
2019-01-310013-2,2019-01-31,13,150,F,카카오페이,600000,17,4,지우개 세트
2019-01-310038-1,2019-01-31,38,150,F,신용카드,5250000,10,3,잠금장치 노트
2019-01-310082-1,2019-01-31,82,51,F,신용카드,4080000,11,3,실험 일지 세트
2019-01-310023-1,2019-01-31,23,163,F,신용카드,244500,7,3,양장노트
2019-01-310042-1,2019-01-31,42,189,F,신용카드,756000,17,4,지우개 세트
2019-01-310072-1,2019-01-31,72,20,F,신용카드,1600000,11,3,실험 일지 세트
2019-01-310078-2,2019-01-31,78,150,T,신용카드,750000,4,1,연필 세트
2019-01-310069-2,2019-01-31,69,102,T,신용카드,4590000,18,4,깃펜 세트
2019-01-310003-1,2019-01-31,3,150,F,계좌이체,6750000,18,4,깃펜 세트
2019-01-310079-1,2019-01-31,79,60,F,신용카드,3600000,13,4,만년필
2019-01-310015-1,2019-01-31,15,163,T,계좌이체,7335000,18,4,깃펜 세트
2019-01-310013-3,2019-01-31,13,150,F,계좌이체,4050000,6,2,가죽 필통
2019-01-310019-1,2019-01-31,19,30,F,계좌이체,2250000,14,4,만년필
2019-01-310021-2,2019-01-31,21,150,T,신용카드,7500000,15,4,탄생석 펜
2019-01-310017-1,2019-01-31,17,500,F,계좌이체,8500000,3,1,드로잉 펜 8종 세트
2019-01-310084-1,2019-01-31,84,354,F,신용카드,1770000,4,1,연필 세트
2019-01-310034-1,2019-01-31,34,150,T,카카오페이,12000000,11,3,실험 일지 세트
2019-02-010076-1,2019-02-01,76,60,F,신용카드,2700000,18,4,깃펜 세트
2019-02-010072-1,2019-02-01,72,24,T,신용카드,1800000,14,4,만년필
2019-02-010068-1,2019-02-01,68,106,F,계좌이체,530000,1,1,색연필 세트
2019-02-030071-1,2019-02-03,71,160,F,계좌이체,880000,12,3,리필 종이
2019-02-050069-1,2019-02-05,69,50,F,신용카드,1750000,10,3,잠금장치 노트
2019-02-050075-1,2019-02-05,75,150,T,계좌이체,5250000,10,3,잠금장치 노트
2019-02-050011-1,2019-02-05,11,150,T,계좌이체,5250000,10,3,잠금장치 노트
2019-02-060034-1,2019-02-06,34,20,T,신용카드,1500000,14,4,만년필
2019-02-060004-1,2019-02-06,4,185,T,신용카드,6475000,10,3,잠금장치 노트
2019-02-070081-1,2019-02-07,81,156,F,계좌이체,78000,16,4,연필
2019-02-080073-1,2019-02-08,73,40,T,계좌이체,2000000,15,4,탄생석 펜
2019-02-090081-1,2019-02-09,81,22,F,신용카드,770000,10,3,잠금장치 노트
2019-02-100022-1,2019-02-10,22,20,T,계좌이체,900000,18,4,깃펜 세트
2019-02-110045-1,2019-02-11,45,306,F,신용카드,153000,16,4,연필
2019-02-120021-1,2019-02-12,21,500,F,계좌이체,750000,7,3,양장노트
2019-02-120051-1,2019-02-12,51,100,F,신용카드,1200000,2,1,드로잉 펜 6종세트
2019-02-140008-1,2019-02-14,8,1000,F,계좌이체,500000,16,4,연필
2019-02-140071-1,2019-02-14,71,160,F,신용카드,12000000,14,4,만년필
2019-02-170004-1,2019-02-17,4,433,F,신용카드,7361000,3,1,드로잉 펜 8종 세트
2019-02-170014-1,2019-02-17,14,750,F,신용카드,3750000,4,1,연필 세트
2019-02-170041-1,2019-02-17,41,50,F,계좌이체,1350000,6,2,가죽 필통
2019-02-180080-1,2019-02-18,80,50,F,신용카드,1350000,6,2,가죽 필통
2019-02-180071-1,2019-02-18,71,50,T,신용카드,1350000,6,2,가죽 필통
2019-02-190004-1,2019-02-19,4,400,F,신용카드,1600000,17,4,지우개 세트
2019-02-190067-1,2019-02-19,67,300,T,계좌이체,7500000,5,2,가죽 필통
2019-02-190074-1,2019-02-19,74,150,T,신용카드,7500000,15,4,탄생석 펜
2019-02-190076-1,2019-02-19,76,450,F,신용카드,7650000,3,1,드로잉 펜 8종 세트
2019-02-190052-1,2019-02-19,52,65,F,계좌이체,1105000,3,1,드로잉 펜 8종 세트
2019-02-190024-1,2019-02-19,24,30,T,신용카드,1500000,15,4,탄생석 펜
2019-02-210049-1,2019-02-21,49,200,T,계좌이체,1000000,1,1,색연필 세트
2019-02-220067-1,2019-02-22,67,102,T,신용카드,153000,7,3,양장노트
2019-02-230067-1,2019-02-23,67,263,T,신용카드,2630000,8,3,다이어리
2019-02-230062-1,2019-02-23,62,50,T,신용카드,250000,1,1,색연필 세트
2019-02-240019-1,2019-02-24,19,433,F,계좌이체,1732000,17,4,지우개 세트
2019-02-260078-1,2019-02-26,78,54,F,계좌이체,918000,3,1,드로잉 펜 8종 세트
2019-02-270047-1,2019-02-27,47,75,F,신용카드,3750000,15,4,탄생석 펜
2019-02-270014-1,2019-02-27,14,20,F,카카오페이,900000,18,4,깃펜 세트
2019-02-270080-1,2019-02-27,80,36,F,계좌이체,18000,16,4,연필
2019-02-280045-1,2019-02-28,45,40,F,카카오페이,20000,16,4,연필
2019-03-010072-1,2019-03-01,72,160,T,신용카드,5600000,10,3,잠금장치 노트
2019-03-020059-1,2019-03-02,59,36,F,계좌이체,360000,8,3,다이어리
2019-03-030076-1,2019-03-03,76,160,T,신용카드,5600000,10,3,잠금장치 노트
2019-03-040032-1,2019-03-04,32,150,T,신용카드,6750000,18,4,깃펜 세트
2019-03-040071-1,2019-03-04,71,100,T,계좌이체,150000,7,3,양장노트
2019-03-050057-1,2019-03-05,57,263,T,신용카드,13150000,15,4,탄생석 펜
2019-03-060062-1,2019-03-06,62,60,F,계좌이체,1500000,5,2,가죽 필통
2019-03-060040-1,2019-03-06,40,150,T,카카오페이,750000,4,1,연필 세트
2019-03-070071-1,2019-03-07,71,1000,F,신용카드,500000,16,4,연필
2019-03-100034-1,2019-03-10,34,200,T,카카오페이,4400000,9,3,잠금장치 노트
2019-03-130068-1,2019-03-13,68,500,F,신용카드,6000000,2,1,드로잉 펜 6종세트
2019-03-130064-1,2019-03-13,64,50,T,계좌이체,250000,1,1,색연필 세트
2019-03-130037-1,2019-03-13,37,500,F,신용카드,8500000,3,1,드로잉 펜 8종 세트
2019-03-130012-1,2019-03-13,12,150,F,계좌이체,600000,17,4,지우개 세트
2019-03-140064-1,2019-03-14,64,500,F,신용카드,6000000,2,1,드로잉 펜 6종세트
2019-03-140045-1,2019-03-14,45,200,T,신용카드,9000000,18,4,깃펜 세트
2019-03-160075-1,2019-03-16,75,300,T,신용카드,3000000,8,3,다이어리
2019-03-160011-1,2019-03-16,11,1000,F,신용카드,1500000,7,3,양장노트
2019-03-160022-1,2019-03-16,22,1500,F,카카오페이,6000000,17,4,지우개 세트
2019-03-170017-1,2019-03-17,17,300,F,신용카드,3000000,8,3,다이어리
2019-03-170056-1,2019-03-17,56,70,F,신용카드,1540000,9,3,잠금장치 노트
2019-03-180078-1,2019-03-18,78,156,F,계좌이체,624000,17,4,지우개 세트
2019-03-180061-1,2019-03-18,61,50,F,계좌이체,600000,2,1,드로잉 펜 6종세트
2019-03-220041-1,2019-03-22,41,100,F,계좌이체,50000,16,4,연필
2019-03-220071-1,2019-03-22,71,1500,F,계좌이체,6000000,17,4,지우개 세트
2019-03-230024-1,2019-03-23,24,300,T,신용카드,15000000,15,4,탄생석 펜
2019-03-230065-1,2019-03-23,65,50,T,계좌이체,1250000,5,2,가죽 필통
2019-03-250008-1,2019-03-25,8,130,F,신용카드,1560000,2,1,드로잉 펜 6종세트
2019-03-250030-1,2019-03-25,30,50,F,카카오페이,250000,1,1,색연필 세트
2019-03-280038-1,2019-03-28,38,55,F,신용카드,660000,2,1,드로잉 펜 6종세트
2019-03-290015-1,2019-03-29,15,215,F,계좌이체,1182500,12,3,리필 종이
2019-03-290023-1,2019-03-29,23,320,T,신용카드,1600000,1,1,색연필 세트
2019-03-300003-1,2019-03-30,3,165,F,신용카드,5775000,10,3,잠금장치 노트
2019-03-300014-1,2019-03-30,14,423,F,신용카드,5076000,2,1,드로잉 펜 6종세트
2019-03-310025-1,2019-03-31,25,111,F,신용카드,610500,12,3,리필 종이
2019-03-310079-1,2019-03-31,79,200,F,카카오페이,100000,16,4,연필
2019-04-010054-1,2019-04-01,54,200,F,신용카드,300000,7,3,양장노트
2019-04-020019-1,2019-04-02,19,30,T,계좌이체,750000,5,2,가죽 필통
2019-04-030054-1,2019-04-03,54,156,F,계좌이체,78000,16,4,연필
2019-04-050042-1,2019-04-05,42,236,F,계좌이체,118000,16,4,연필
2019-04-070065-1,2019-04-07,65,30,T,카카오페이,660000,9,3,잠금장치 노트
2019-04-080057-1,2019-04-08,57,26,F,신용카드,910000,10,3,잠금장치 노트
2019-04-080024-1,2019-04-08,24,55,T,신용카드,1375000,5,2,가죽 필통
2019-04-090083-1,2019-04-09,83,65,F,계좌이체,1755000,6,2,가죽 필통
2019-04-100060-1,2019-04-10,60,165,F,신용카드,5775000,10,3,잠금장치 노트
2019-04-100026-1,2019-04-10,26,50,F,계좌이체,850000,3,1,드로잉 펜 8종 세트
2019-04-110037-1,2019-04-11,37,444,T,신용카드,2220000,1,1,색연필 세트
2019-04-120065-1,2019-04-12,65,100,F,계좌이체,50000,16,4,연필
2019-04-140038-1,2019-04-14,38,200,F,신용카드,10000000,15,4,탄생석 펜
2019-04-150046-1,2019-04-15,46,20,T,계좌이체,440000,9,3,잠금장치 노트
2019-04-160042-1,2019-04-16,42,22,T,카카오페이,990000,18,4,깃펜 세트
2019-04-160062-1,2019-04-16,62,50,F,신용카드,1350000,6,2,가죽 필통
2019-04-170053-1,2019-04-17,53,150,F,카카오페이,600000,17,4,지우개 세트
2019-04-180047-1,2019-04-18,47,20,F,신용카드,1200000,13,4,만년필
2019-04-190003-1,2019-04-19,3,100,F,계좌이체,50000,16,4,연필
2019-04-200059-1,2019-04-20,59,50,F,카카오페이,250000,1,1,색연필 세트
2019-04-210015-1,2019-04-21,15,60,F,카카오페이,600000,8,3,다이어리
2019-04-210060-1,2019-04-21,60,200,T,계좌이체,300000,7,3,양장노트
2019-04-220024-1,2019-04-22,24,111,F,신용카드,2997000,6,2,가죽 필통
2019-04-220080-1,2019-04-22,80,102,F,계좌이체,4590000,18,4,깃펜 세트
2019-04-230066-1,2019-04-23,66,236,T,신용카드,2360000,8,3,다이어리
2019-04-240062-1,2019-04-24,62,154,F,계좌이체,616000,17,4,지우개 세트
2019-04-280077-1,2019-04-28,77,200,F,계좌이체,800000,17,4,지우개 세트
2019-04-290073-1,2019-04-29,73,50,F,카카오페이,850000,3,1,드로잉 펜 8종 세트
2019-04-300045-1,2019-04-30,45,222,F,신용카드,1221000,12,3,리필 종이
2019-05-030055-1,2019-05-03,55,132,F,신용카드,4620000,10,3,잠금장치 노트
2019-05-030027-1,2019-05-03,27,50,T,신용카드,1350000,6,2,가죽 필통
2019-05-040038-1,2019-05-04,38,20,F,계좌이체,1600000,11,3,실험 일지 세트
2019-05-040002-1,2019-05-04,2,33,F,신용카드,1650000,15,4,탄생석 펜
2019-05-050064-1,2019-05-05,64,55,F,카카오페이,935000,3,1,드로잉 펜 8종 세트
2019-05-070059-1,2019-05-07,59,65,T,계좌이체,5200000,11,3,실험 일지 세트
2019-05-070056-1,2019-05-07,56,97,F,신용카드,1164000,2,1,드로잉 펜 6종세트
2019-05-090081-1,2019-05-09,81,156,F,계좌이체,780000,4,1,연필 세트
2019-05-100028-1,2019-05-10,28,122,F,계좌이체,61000,16,4,연필
2019-05-100015-1,2019-05-10,15,326,F,카카오페이,163000,16,4,연필
2019-05-110021-1,2019-05-11,21,50,T,계좌이체,500000,8,3,다이어리
2019-05-140009-1,2019-05-14,9,66,F,계좌이체,792000,2,1,드로잉 펜 6종세트
2019-05-150050-1,2019-05-15,50,160,F,신용카드,640000,17,4,지우개 세트
2019-05-150054-1,2019-05-15,54,100,F,신용카드,50000,16,4,연필
2019-05-150067-1,2019-05-15,67,22,F,계좌이체,990000,18,4,깃펜 세트
2019-05-160055-1,2019-05-16,55,55,T,신용카드,1375000,5,2,가죽 필통
2019-05-160021-1,2019-05-16,21,32,F,신용카드,2400000,14,4,만년필
2019-05-170021-1,2019-05-17,21,165,F,계좌이체,825000,4,1,연필 세트
2019-05-180059-1,2019-05-18,59,243,T,계좌이체,6075000,5,2,가죽 필통
2019-05-210006-1,2019-05-21,6,156,F,계좌이체,624000,17,4,지우개 세트
2019-05-210038-1,2019-05-21,38,101,F,신용카드,50500,16,4,연필
2019-05-220077-1,2019-05-22,77,421,F,신용카드,5052000,2,1,드로잉 펜 6종세트
2019-05-220014-1,2019-05-22,14,50,F,계좌이체,500000,8,3,다이어리
2019-05-250020-1,2019-05-25,20,30,T,신용카드,300000,8,3,다이어리
2019-05-260002-1,2019-05-26,2,176,T,계좌이체,880000,4,1,연필 세트
2019-05-260016-1,2019-05-26,16,180,F,신용카드,90000,16,4,연필
2019-05-290060-1,2019-05-29,60,50,F,신용카드,275000,12,3,리필 종이
2019-05-310063-1,2019-05-31,63,100,F,계좌이체,2500000,5,2,가죽 필통
2019-05-310006-1,2019-05-31,6,30,F,신용카드,660000,9,3,잠금장치 노트
2019-06-010029-1,2019-06-01,29,126,F,신용카드,5670000,18,4,깃펜 세트
2019-06-010046-1,2019-06-01,46,166,F,계좌이체,830000,4,1,연필 세트
2019-06-010006-1,2019-06-01,6,189,T,신용카드,6615000,10,3,잠금장치 노트
2019-06-020034-1,2019-06-02,34,55,F,계좌이체,935000,3,1,드로잉 펜 8종 세트
2019-06-020018-1,2019-06-02,18,165,T,신용카드,8250000,15,4,탄생석 펜
2019-06-030002-1,2019-06-03,2,33,T,신용카드,330000,8,3,다이어리
2019-06-030008-1,2019-06-03,8,55,F,신용카드,1485000,6,2,가죽 필통
2019-06-050077-1,2019-06-05,77,63,F,카카오페이,315000,1,1,색연필 세트
2019-06-060073-1,2019-06-06,73,166,T,신용카드,249000,7,3,양장노트
2019-06-060062-1,2019-06-06,62,140,T,계좌이체,210000,7,3,양장노트
2019-06-070069-1,2019-06-07,69,20,F,신용카드,1200000,13,4,만년필
2019-06-070006-1,2019-06-07,6,80,F,계좌이체,4800000,13,4,만년필
2019-06-080021-1,2019-06-08,21,50,T,신용카드,1350000,6,2,가죽 필통
2019-06-080062-1,2019-06-08,62,22,T,계좌이체,1320000,13,4,만년필
2019-06-100072-1,2019-06-10,72,45,T,신용카드,2250000,15,4,탄생석 펜
2019-06-100050-1,2019-06-10,50,165,F,신용카드,660000,17,4,지우개 세트
2019-06-110001-1,2019-06-11,1,51,T,신용카드,255000,1,1,색연필 세트
2019-06-110077-1,2019-06-11,77,78,F,신용카드,1950000,5,2,가죽 필통
2019-06-140040-1,2019-06-14,40,22,F,신용카드,990000,18,4,깃펜 세트
2019-06-160010-1,2019-06-16,10,36,T,계좌이체,792000,9,3,잠금장치 노트
2019-06-160048-1,2019-06-16,48,55,F,신용카드,4125000,14,4,만년필
2019-06-170034-1,2019-06-17,34,66,T,신용카드,1650000,5,2,가죽 필통
2019-06-180016-1,2019-06-18,16,26,T,신용카드,2080000,11,3,실험 일지 세트
2019-06-180050-1,2019-06-18,50,456,F,신용카드,12312000,6,2,가죽 필통
2019-06-190017-1,2019-06-19,17,22,T,신용카드,1760000,11,3,실험 일지 세트
2019-06-200045-1,2019-06-20,45,60,F,계좌이체,330000,12,3,리필 종이
2019-06-200042-1,2019-06-20,42,33,T,계좌이체,330000,8,3,다이어리
2019-06-210009-1,2019-06-21,9,364,F,신용카드,1820000,1,1,색연필 세트
2019-06-220020-1,2019-06-22,20,22,T,신용카드,1760000,11,3,실험 일지 세트
2019-06-220071-1,2019-06-22,71,33,F,신용카드,1650000,15,4,탄생석 펜
2019-06-230057-1,2019-06-23,57,160,T,신용카드,240000,7,3,양장노트
2019-06-230035-1,2019-06-23,35,180,F,신용카드,3960000,9,3,잠금장치 노트
2019-06-240005-1,2019-06-24,5,150,T,신용카드,225000,7,3,양장노트
2019-06-240011-1,2019-06-24,11,50,T,신용카드,1350000,6,2,가죽 필통
2019-06-250008-1,2019-06-25,8,22,T,계좌이체,770000,10,3,잠금장치 노트
2019-06-250011-1,2019-06-25,11,55,F,신용카드,1375000,5,2,가죽 필통
2019-06-260061-1,2019-06-26,61,165,F,계좌이체,825000,4,1,연필 세트
2019-06-260039-1,2019-06-26,39,456,F,신용카드,2508000,12,3,리필 종이
2019-06-270066-1,2019-06-27,66,236,F,신용카드,2360000,8,3,다이어리
2019-06-280011-1,2019-06-28,11,33,F,신용카드,1485000,18,4,깃펜 세트
2019-06-280082-1,2019-06-28,82,156,F,계좌이체,624000,17,4,지우개 세트
2019-06-300032-1,2019-06-30,32,465,F,신용카드,7905000,3,1,드로잉 펜 8종 세트
2019-06-300026-1,2019-06-30,26,26,T,신용카드,1560000,13,4,만년필
2019-07-020019-1,2019-07-02,19,180,T,계좌이체,3960000,9,3,잠금장치 노트
2019-07-020040-1,2019-07-02,40,55,F,신용카드,1375000,5,2,가죽 필통
2019-07-020014-1,2019-07-02,14,236,F,신용카드,2360000,8,3,다이어리
2019-07-030066-1,2019-07-03,66,55,F,카카오페이,1375000,5,2,가죽 필통
2019-07-050038-1,2019-07-05,38,22,F,신용카드,1650000,14,4,만년필
2019-07-080077-1,2019-07-08,77,22,T,신용카드,770000,10,3,잠금장치 노트
2019-07-090034-1,2019-07-09,34,50,F,신용카드,1250000,5,2,가죽 필통
2019-07-090014-1,2019-07-09,14,100,F,카카오페이,50000,16,4,연필
2019-07-100081-1,2019-07-10,81,532,F,신용카드,798000,7,3,양장노트
2019-07-110031-1,2019-07-11,31,150,F,계좌이체,2550000,3,1,드로잉 펜 8종 세트
2019-07-110035-1,2019-07-11,35,300,F,계좌이체,150000,16,4,연필
2019-07-130008-1,2019-07-13,8,50,F,신용카드,1350000,6,2,가죽 필통
2019-07-160055-1,2019-07-16,55,22,T,계좌이체,770000,10,3,잠금장치 노트
2019-07-160071-1,2019-07-16,71,55,T,계좌이체,1375000,5,2,가죽 필통
2019-07-160004-1,2019-07-16,4,100,F,카카오페이,50000,16,4,연필
2019-07-170043-1,2019-07-17,43,36,F,신용카드,360000,8,3,다이어리
2019-07-180082-1,2019-07-18,82,160,T,신용카드,240000,7,3,양장노트
2019-07-190045-1,2019-07-19,45,54,T,신용카드,3240000,13,4,만년필
2019-07-200081-1,2019-07-20,81,600,F,신용카드,2400000,17,4,지우개 세트
2019-07-210051-1,2019-07-21,51,33,T,계좌이체,330000,8,3,다이어리
2019-07-210071-1,2019-07-21,71,200,F,계좌이체,7000000,10,3,잠금장치 노트
2019-07-210027-1,2019-07-21,27,200,F,카카오페이,800000,17,4,지우개 세트
2019-07-220007-1,2019-07-22,7,321,F,신용카드,1605000,1,1,색연필 세트
2019-07-240029-1,2019-07-24,29,600,F,계좌이체,300000,16,4,연필
2019-07-240081-1,2019-07-24,81,180,T,신용카드,3960000,9,3,잠금장치 노트
2019-07-240066-1,2019-07-24,66,206,F,신용카드,10300000,15,4,탄생석 펜
2019-07-260021-1,2019-07-26,21,68,F,신용카드,5440000,11,3,실험 일지 세트
2019-07-260019-1,2019-07-26,19,132,F,신용카드,4620000,10,3,잠금장치 노트
2019-07-280011-1,2019-07-28,11,22,T,신용카드,770000,10,3,잠금장치 노트
2019-07-280003-1,2019-07-28,3,26,F,신용카드,910000,10,3,잠금장치 노트
2019-07-310029-1,2019-07-31,29,52,F,계좌이체,624000,2,1,드로잉 펜 6종세트
2019-08-030073-1,2019-08-03,73,195,F,신용카드,11700000,13,4,만년필
2019-08-050058-1,2019-08-05,58,236,F,신용카드,11800000,15,4,탄생석 펜
2019-08-060014-1,2019-08-06,14,60,F,계좌이체,1500000,5,2,가죽 필통
2019-08-070041-1,2019-08-07,41,20,F,계좌이체,1600000,11,3,실험 일지 세트
2019-08-070053-1,2019-08-07,53,205,T,신용카드,2050000,8,3,다이어리
2019-08-080049-1,2019-08-08,49,33,F,신용카드,1650000,15,4,탄생석 펜
2019-08-090022-1,2019-08-09,22,55,F,계좌이체,660000,2,1,드로잉 펜 6종세트
2019-08-090040-1,2019-08-09,40,67,F,계좌이체,1809000,6,2,가죽 필통
2019-08-100050-1,2019-08-10,50,156,F,신용카드,9360000,13,4,만년필
2019-08-100075-1,2019-08-10,75,156,F,계좌이체,12480000,11,3,실험 일지 세트
2019-08-130034-1,2019-08-13,34,166,T,신용카드,7470000,18,4,깃펜 세트
2019-08-150083-1,2019-08-15,83,200,T,신용카드,1000000,4,1,연필 세트
2019-08-150013-1,2019-08-15,13,300,F,계좌이체,5100000,3,1,드로잉 펜 8종 세트
2019-08-150077-1,2019-08-15,77,156,T,카카오페이,780000,4,1,연필 세트
2019-08-160026-1,2019-08-16,26,22,T,신용카드,1320000,13,4,만년필
2019-08-160072-1,2019-08-16,72,105,F,카카오페이,157500,7,3,양장노트
2019-08-190051-1,2019-08-19,51,80,F,신용카드,1360000,3,1,드로잉 펜 8종 세트
2019-08-200065-1,2019-08-20,65,66,T,신용카드,2970000,18,4,깃펜 세트
2019-08-240043-1,2019-08-24,43,23,T,신용카드,1840000,11,3,실험 일지 세트
2019-08-250070-1,2019-08-25,70,55,F,계좌이체,1375000,5,2,가죽 필통
2019-08-260033-1,2019-08-26,33,80,T,신용카드,2000000,5,2,가죽 필통
2019-08-260037-1,2019-08-26,37,96,T,계좌이체,3360000,10,3,잠금장치 노트
2019-08-290003-1,2019-08-29,3,58,F,신용카드,290000,1,1,색연필 세트
2019-09-010080-1,2019-09-01,80,22,T,계좌이체,1650000,14,4,만년필
2019-09-020034-1,2019-09-02,34,66,F,신용카드,330000,1,1,색연필 세트
2019-09-040029-1,2019-09-04,29,145,F,계좌이체,797500,12,3,리필 종이
2019-09-040001-1,2019-09-04,1,163,F,계좌이체,5705000,10,3,잠금장치 노트
2019-09-050022-1,2019-09-05,22,444,F,신용카드,7548000,3,1,드로잉 펜 8종 세트
2019-09-050030-1,2019-09-05,30,25,F,계좌이체,1500000,13,4,만년필
2019-09-070055-1,2019-09-07,55,360,F,신용카드,1980000,12,3,리필 종이
2019-09-080019-1,2019-09-08,19,166,F,계좌이체,830000,4,1,연필 세트
2019-09-080048-1,2019-09-08,48,122,T,계좌이체,2684000,9,3,잠금장치 노트
2019-09-080012-1,2019-09-08,12,245,F,신용카드,6125000,5,2,가죽 필통
2019-09-100023-1,2019-09-10,23,100,T,카카오페이,150000,7,3,양장노트
2019-09-120073-1,2019-09-12,73,500,F,계좌이체,8500000,3,1,드로잉 펜 8종 세트
2019-09-130049-1,2019-09-13,49,54,F,신용카드,1458000,6,2,가죽 필통
2019-09-150010-1,2019-09-15,10,22,T,계좌이체,770000,10,3,잠금장치 노트
2019-09-170024-1,2019-09-17,24,36,T,신용카드,2160000,13,4,만년필
2019-09-190049-1,2019-09-19,49,456,F,신용카드,2508000,12,3,리필 종이
2019-09-210049-1,2019-09-21,49,33,F,카카오페이,891000,6,2,가죽 필통
2019-09-230072-1,2019-09-23,72,400,F,신용카드,1600000,17,4,지우개 세트
2019-09-250013-1,2019-09-25,13,110,F,카카오페이,605000,12,3,리필 종이
2019-09-250068-1,2019-09-25,68,410,F,신용카드,2050000,1,1,색연필 세트
2019-09-260078-1,2019-09-26,78,1111,F,신용카드,4444000,17,4,지우개 세트
2019-09-260060-1,2019-09-26,60,150,F,카카오페이,600000,17,4,지우개 세트
2019-09-270069-1,2019-09-27,69,100,F,계좌이체,150000,7,3,양장노트
2019-09-280007-1,2019-09-28,7,30,T,신용카드,1500000,15,4,탄생석 펜
2019-10-010012-1,2019-10-01,12,65,F,신용카드,1105000,3,1,드로잉 펜 8종 세트
2019-10-020007-1,2019-10-02,7,90,F,계좌이체,1530000,3,1,드로잉 펜 8종 세트
2019-10-040025-1,2019-10-04,25,45,T,신용카드,3375000,14,4,만년필
2019-10-040084-1,2019-10-04,84,159,F,신용카드,636000,17,4,지우개 세트
2019-10-040039-1,2019-10-04,39,20,T,신용카드,1200000,13,4,만년필
2019-10-050035-1,2019-10-05,35,20,F,신용카드,1200000,13,4,만년필
2019-10-050068-1,2019-10-05,68,200,T,카카오페이,300000,7,3,양장노트
2019-10-110040-1,2019-10-11,40,300,T,신용카드,1500000,1,1,색연필 세트
2019-10-120001-1,2019-10-12,1,436,F,신용카드,5232000,2,1,드로잉 펜 6종세트
2019-10-130031-1,2019-10-13,31,69,F,계좌이체,1173000,3,1,드로잉 펜 8종 세트
2019-10-130011-1,2019-10-13,11,168,F,카카오페이,10080000,13,4,만년필
2019-10-140032-1,2019-10-14,32,415,T,신용카드,10375000,5,2,가죽 필통
2019-10-160043-1,2019-10-16,43,478,T,신용카드,2390000,1,1,색연필 세트
2019-10-170046-1,2019-10-17,46,65,F,신용카드,1755000,6,2,가죽 필통
2019-10-200032-1,2019-10-20,32,56,F,카카오페이,308000,12,3,리필 종이
2019-10-230055-1,2019-10-23,55,33,F,계좌이체,1650000,15,4,탄생석 펜
2019-10-230008-1,2019-10-23,8,26,T,신용카드,1170000,18,4,깃펜 세트
2019-10-270003-1,2019-10-27,3,469,F,신용카드,2345000,1,1,색연필 세트
2019-10-280036-1,2019-10-28,36,154,T,신용카드,770000,4,1,연필 세트
2019-10-280026-1,2019-10-28,26,67,T,신용카드,5025000,14,4,만년필
2019-10-290038-1,2019-10-29,38,50,F,신용카드,2500000,15,4,탄생석 펜
2019-10-310070-1,2019-10-31,70,166,T,카카오페이,830000,4,1,연필 세트
2019-11-010031-1,2019-11-01,31,50,F,신용카드,850000,3,1,드로잉 펜 8종 세트
2019-11-010042-1,2019-11-01,42,22,T,신용카드,1650000,14,4,만년필
2019-11-020037-1,2019-11-02,37,200,F,신용카드,5000000,5,2,가죽 필통
2019-11-020038-1,2019-11-02,38,242,F,계좌이체,4114000,3,1,드로잉 펜 8종 세트
2019-11-030057-1,2019-11-03,57,20,T,신용카드,1500000,14,4,만년필
2019-11-040025-1,2019-11-04,25,21,F,카카오페이,945000,18,4,깃펜 세트
2019-11-060011-1,2019-11-06,11,469,F,신용카드,2579500,12,3,리필 종이
2019-11-080060-1,2019-11-08,60,230,T,신용카드,2300000,8,3,다이어리
2019-11-090021-1,2019-11-09,21,60,T,신용카드,1620000,6,2,가죽 필통
2019-11-110064-1,2019-11-11,64,111,F,계좌이체,1887000,3,1,드로잉 펜 8종 세트
2019-11-110079-1,2019-11-11,79,22,T,신용카드,990000,18,4,깃펜 세트
2019-11-130050-1,2019-11-13,50,999,F,신용카드,499500,16,4,연필
2019-11-150071-1,2019-11-15,71,64,F,계좌이체,352000,12,3,리필 종이
2019-11-160026-1,2019-11-16,26,205,T,신용카드,2050000,8,3,다이어리
2019-11-160071-1,2019-11-16,71,166,F,신용카드,83000,16,4,연필
2019-11-190042-1,2019-11-19,42,264,T,신용카드,2640000,8,3,다이어리
2019-11-210055-1,2019-11-21,55,54,T,신용카드,1350000,5,2,가죽 필통
2019-11-220023-1,2019-11-22,23,147,T,신용카드,3234000,9,3,잠금장치 노트
2019-11-240062-1,2019-11-24,62,177,F,신용카드,3009000,3,1,드로잉 펜 8종 세트
2019-11-260013-1,2019-11-26,13,169,F,신용카드,1690000,8,3,다이어리
2019-11-260030-1,2019-11-26,30,20,F,계좌이체,700000,10,3,잠금장치 노트
2019-11-260079-1,2019-11-26,79,222,F,신용카드,2664000,2,1,드로잉 펜 6종세트
2019-11-270006-1,2019-11-27,6,136,F,신용카드,2992000,9,3,잠금장치 노트
2019-11-270010-1,2019-11-27,10,362,F,신용카드,1991000,12,3,리필 종이
2019-11-290050-1,2019-11-29,50,30,F,계좌이체,660000,9,3,잠금장치 노트
2019-12-010012-1,2019-12-01,12,22,F,신용카드,121000,12,3,리필 종이
2019-12-020053-1,2019-12-02,53,33,T,카카오페이,330000,8,3,다이어리
2019-12-030012-1,2019-12-03,12,300,F,신용카드,1650000,12,3,리필 종이
2019-12-040038-1,2019-12-04,38,120,F,계좌이체,2640000,9,3,잠금장치 노트
2019-12-060042-1,2019-12-06,42,150,F,카카오페이,750000,4,1,연필 세트
2019-12-090076-1,2019-12-09,76,200,F,신용카드,9000000,18,4,깃펜 세트
2019-12-090069-1,2019-12-09,69,200,T,신용카드,12000000,13,4,만년필
2019-12-100041-1,2019-12-10,41,20,T,계좌이체,1200000,13,4,만년필
2019-12-100066-1,2019-12-10,66,160,F,신용카드,80000,16,4,연필
2019-12-110014-1,2019-12-11,14,432,F,신용카드,2376000,12,3,리필 종이
2019-12-130029-1,2019-12-13,29,410,F,신용카드,4920000,2,1,드로잉 펜 6종세트
2019-12-130020-1,2019-12-13,20,55,F,신용카드,1485000,6,2,가죽 필통
2019-12-130019-1,2019-12-13,19,189,F,신용카드,1039500,12,3,리필 종이
2019-12-140055-1,2019-12-14,55,22,T,신용카드,484000,9,3,잠금장치 노트
2019-12-140004-1,2019-12-14,4,56,F,계좌이체,1400000,5,2,가죽 필통
2019-12-140002-1,2019-12-14,2,147,T,계좌이체,6615000,18,4,깃펜 세트
2019-12-170032-1,2019-12-17,32,465,F,신용카드,11625000,5,2,가죽 필통
2019-12-170026-1,2019-12-17,26,1245,F,계좌이체,4980000,17,4,지우개 세트
2019-12-180015-1,2019-12-18,15,455,T,카카오페이,2275000,1,1,색연필 세트
2019-12-210026-1,2019-12-21,26,100,F,계좌이체,50000,16,4,연필
2019-12-210063-1,2019-12-21,63,465,T,신용카드,12555000,6,2,가죽 필통
2019-12-220061-1,2019-12-22,61,60,F,계좌이체,2100000,10,3,잠금장치 노트
2019-12-220038-1,2019-12-22,38,266,F,신용카드,133000,16,4,연필
2019-12-230030-1,2019-12-23,30,126,F,신용카드,2772000,9,3,잠금장치 노트
2019-12-230044-1,2019-12-23,44,444,F,계좌이체,2442000,12,3,리필 종이
2019-12-240015-1,2019-12-24,15,106,F,신용카드,1802000,3,1,드로잉 펜 8종 세트
2019-12-270021-1,2019-12-27,21,33,F,계좌이체,1485000,18,4,깃펜 세트
2019-12-270049-1,2019-12-27,49,666,F,신용카드,999000,7,3,양장노트
2019-12-280068-1,2019-12-28,68,55,F,계좌이체,4125000,14,4,만년필
2019-12-290016-1,2019-12-29,16,155,T,계좌이체,775000,4,1,연필 세트
2019-12-300065-1,2019-12-30,65,65,F,계좌이체,780000,2,1,드로잉 펜 6종세트
2019-12-310050-1,2019-12-31,50,200,T,카카오페이,7000000,10,3,잠금장치 노트
